# ************************************************************
# Sequel Pro SQL dump
# Version 4541
#
# http://www.sequelpro.com/
# https://github.com/sequelpro/sequelpro
#
# Host: 47.88.175.208 (MySQL 5.7.24-0ubuntu0.16.04.1)
# Database: wealthManager
# Generation Time: 2019-01-27 14:13:25 +0000
# ************************************************************


/*!40101 SET @OLD_CHARACTER_SET_CLIENT=@@CHARACTER_SET_CLIENT */;
/*!40101 SET @OLD_CHARACTER_SET_RESULTS=@@CHARACTER_SET_RESULTS */;
/*!40101 SET @OLD_COLLATION_CONNECTION=@@COLLATION_CONNECTION */;
/*!40101 SET NAMES utf8 */;
/*!40014 SET @OLD_FOREIGN_KEY_CHECKS=@@FOREIGN_KEY_CHECKS, FOREIGN_KEY_CHECKS=0 */;
/*!40101 SET @OLD_SQL_MODE=@@SQL_MODE, SQL_MODE='NO_AUTO_VALUE_ON_ZERO' */;
/*!40111 SET @OLD_SQL_NOTES=@@SQL_NOTES, SQL_NOTES=0 */;


# Dump of table investmentHistories
# ------------------------------------------------------------

DROP TABLE IF EXISTS `investmentHistories`;

CREATE TABLE `investmentHistories` (
  `id` int(11) unsigned NOT NULL AUTO_INCREMENT,
  `startDate` date NOT NULL,
  `endDate` date NOT NULL,
  `strategy` int(11) NOT NULL,
  `base` decimal(10,2) NOT NULL,
  `totalCost` decimal(10,2) NOT NULL,
  `totalGain` decimal(10,2) NOT NULL,
  `fundId` varchar(15) NOT NULL DEFAULT '',
  `created_at` datetime DEFAULT NULL,
  `updated_at` datetime DEFAULT NULL,
  PRIMARY KEY (`id`)
) ENGINE=InnoDB AUTO_INCREMENT=9 DEFAULT CHARSET=utf8;

LOCK TABLES `investmentHistories` WRITE;
/*!40000 ALTER TABLE `investmentHistories` DISABLE KEYS */;

INSERT INTO `investmentHistories` (`id`, `startDate`, `endDate`, `strategy`, `base`, `totalCost`, `totalGain`, `fundId`, `created_at`, `updated_at`)
VALUES
	(1,'2016-05-09','2016-07-04',1,800.00,1600.00,1654.38,'202015',NULL,NULL),
	(2,'2016-06-08','2016-07-04',1,800.00,800.00,821.55,'002656',NULL,NULL),
	(3,'2015-12-08','2016-07-13',1,200.00,1757.00,1862.57,'160119',NULL,NULL),
	(4,'2016-07-08','2016-11-24',1,1000.00,5000.00,5294.48,'202015',NULL,NULL),
	(5,'2016-12-09','2017-06-30',1,1060.00,7742.00,8264.30,'202015',NULL,NULL),
	(6,'2016-09-30','2017-08-02',1,1000.00,10057.00,11377.32,'000071',NULL,NULL),
	(7,'2017-07-10','2017-09-08',1,1000.00,2000.00,2068.74,'202015',NULL,NULL),
	(8,'2017-09-08','2017-11-06',1,1000.00,2000.00,2072.71,'202015',NULL,NULL);

/*!40000 ALTER TABLE `investmentHistories` ENABLE KEYS */;
UNLOCK TABLES;


# Dump of table SequelizeMeta
# ------------------------------------------------------------

DROP TABLE IF EXISTS `SequelizeMeta`;

CREATE TABLE `SequelizeMeta` (
  `name` varchar(255) COLLATE utf8_unicode_ci NOT NULL,
  PRIMARY KEY (`name`),
  UNIQUE KEY `name` (`name`)
) ENGINE=InnoDB DEFAULT CHARSET=utf8 COLLATE=utf8_unicode_ci;

LOCK TABLES `SequelizeMeta` WRITE;
/*!40000 ALTER TABLE `SequelizeMeta` DISABLE KEYS */;

INSERT INTO `SequelizeMeta` (`name`)
VALUES
	('20190114155513-init-users.js'),
	('20190116124713-init-wealth-category.js'),
	('20190116124713-init-wealth-record-item.js'),
	('20190116124713-init-wealth-record.js');

/*!40000 ALTER TABLE `SequelizeMeta` ENABLE KEYS */;
UNLOCK TABLES;


# Dump of table transactions
# ------------------------------------------------------------

DROP TABLE IF EXISTS `transactions`;

CREATE TABLE `transactions` (
  `id` int(11) unsigned NOT NULL AUTO_INCREMENT,
  `target_type` varchar(11) NOT NULL DEFAULT '',
  `target_id` varchar(11) NOT NULL DEFAULT '',
  `unit_price` decimal(10,4) NOT NULL,
  `total_price` decimal(10,2) NOT NULL,
  `poundage` decimal(10,2) NOT NULL,
  `is_deleted` tinyint(1) NOT NULL,
  `date` datetime NOT NULL,
  `user_id` int(11) NOT NULL,
  PRIMARY KEY (`id`)
) ENGINE=InnoDB AUTO_INCREMENT=7 DEFAULT CHARSET=utf8;

LOCK TABLES `transactions` WRITE;
/*!40000 ALTER TABLE `transactions` DISABLE KEYS */;

INSERT INTO `transactions` (`id`, `target_type`, `target_id`, `unit_price`, `total_price`, `poundage`, `is_deleted`, `date`, `user_id`)
VALUES
	(1,'fund','160119',1.2345,1000.00,2.34,0,'2018-02-02 08:00:00',1),
	(2,'fund','160119',1.2345,1000.00,2.34,0,'2018-02-02 08:00:00',1),
	(3,'fund','160119',1.2345,1000.00,2.34,0,'2018-02-02 08:00:00',1),
	(4,'fund','160119',1.2345,1000.00,2.34,0,'2018-02-02 08:00:00',1),
	(5,'fund','160119',1.2345,1000.00,2.34,0,'2018-02-02 08:00:00',1),
	(6,'fund','160119',1.2345,1000.00,2.34,0,'2018-02-02 08:00:00',1);

/*!40000 ALTER TABLE `transactions` ENABLE KEYS */;
UNLOCK TABLES;


# Dump of table users
# ------------------------------------------------------------

DROP TABLE IF EXISTS `users`;

CREATE TABLE `users` (
  `id` int(11) NOT NULL AUTO_INCREMENT,
  `nickname` varchar(256) DEFAULT NULL,
  `uuid` varchar(256) DEFAULT NULL,
  `created_at` datetime DEFAULT NULL,
  `updated_at` datetime DEFAULT NULL,
  PRIMARY KEY (`id`),
  UNIQUE KEY `idx_uuid_unique` (`uuid`)
) ENGINE=InnoDB AUTO_INCREMENT=4 DEFAULT CHARSET=utf8;

LOCK TABLES `users` WRITE;
/*!40000 ALTER TABLE `users` DISABLE KEYS */;

INSERT INTO `users` (`id`, `nickname`, `uuid`, `created_at`, `updated_at`)
VALUES
	(1,'歪歪','7be2bc9e-06f6-4f92-8174-1061684ed368','2019-01-14 16:44:26','2019-01-14 16:44:26'),
	(3,'周拉斯','af6893f8-c877-42fe-bb82-361273fcad56','2019-01-14 16:44:26','2019-01-14 16:44:26');

/*!40000 ALTER TABLE `users` ENABLE KEYS */;
UNLOCK TABLES;


# Dump of table wealthCategories
# ------------------------------------------------------------

DROP TABLE IF EXISTS `wealthCategories`;

CREATE TABLE `wealthCategories` (
  `id` int(11) NOT NULL AUTO_INCREMENT,
  `name` varchar(256) DEFAULT NULL,
  `parent_id` int(11) DEFAULT NULL,
  `type` varchar(256) DEFAULT NULL,
  `created_at` datetime DEFAULT NULL,
  `updated_at` datetime DEFAULT NULL,
  PRIMARY KEY (`id`),
  KEY `idx_parentId_type` (`parent_id`,`type`)
) ENGINE=InnoDB AUTO_INCREMENT=26 DEFAULT CHARSET=utf8;

LOCK TABLES `wealthCategories` WRITE;
/*!40000 ALTER TABLE `wealthCategories` DISABLE KEYS */;

INSERT INTO `wealthCategories` (`id`, `name`, `parent_id`, `type`, `created_at`, `updated_at`)
VALUES
	(2,'现金',-1,'asset','2019-01-16 13:46:52','2019-01-16 13:46:52'),
	(3,'银行',-1,'asset','2019-01-16 13:55:50','2019-01-16 13:55:50'),
	(4,'基金',-1,'asset','2019-01-16 13:55:50','2019-01-16 13:55:50'),
	(5,'P2P',-1,'asset','2019-01-16 13:55:50','2019-01-16 13:55:50'),
	(6,'银行存款',3,'asset','2019-01-16 13:55:50','2019-01-16 13:55:50'),
	(7,'银行理财',3,'asset','2019-01-16 13:55:50','2019-01-16 13:55:50'),
	(8,'货币基金',4,'asset','2019-01-16 13:55:50','2019-01-16 13:55:50'),
	(9,'指数基金',4,'asset','2019-01-16 13:55:50','2019-01-16 13:55:50'),
	(10,'股票基金',4,'asset','2019-01-16 13:55:50','2019-01-16 13:55:50'),
	(11,'债券基金',4,'asset','2019-01-16 13:55:50','2019-01-16 13:55:50'),
	(12,'商品基金',4,'asset','2019-01-16 13:55:50','2019-01-16 13:55:50'),
	(13,'混合基金',4,'asset','2019-01-16 13:55:50','2019-01-16 13:55:50'),
	(14,'人人贷',5,'asset','2019-01-16 13:55:50','2019-01-16 13:55:50'),
	(15,'拍拍贷',5,'asset','2019-01-16 13:55:50','2019-01-16 13:55:50'),
	(16,'陆金所',5,'asset','2019-01-16 13:55:50','2019-01-16 13:55:50'),
	(17,'宜人贷',5,'asset','2019-01-16 13:55:50','2019-01-16 13:55:50'),
	(18,'蚂蚁招财宝',5,'asset','2019-01-16 13:55:50','2019-01-16 13:55:50'),
	(19,'团贷网',5,'asset','2019-01-16 13:55:50','2019-01-16 13:55:50'),
	(20,'铜板街',5,'asset','2019-01-16 13:55:50','2019-01-16 13:55:50'),
	(21,'信用卡',-1,'debt','2019-01-16 13:55:50','2019-01-16 13:55:50'),
	(22,'人民币现金',2,'asset','2019-01-16 13:46:52','2019-01-16 13:46:52'),
	(23,'信用卡消费',21,'debt','2019-01-16 13:55:50','2019-01-16 13:55:50'),
	(24,'贷款',-1,'debt','2019-01-16 13:55:50','2019-01-16 13:55:50'),
	(25,'信用贷',24,'debt','2019-01-16 13:55:50','2019-01-16 13:55:50');

/*!40000 ALTER TABLE `wealthCategories` ENABLE KEYS */;
UNLOCK TABLES;


# Dump of table wealthDistributions
# ------------------------------------------------------------

DROP TABLE IF EXISTS `wealthDistributions`;

CREATE TABLE `wealthDistributions` (
  `id` int(11) unsigned NOT NULL AUTO_INCREMENT,
  `recordDate` date NOT NULL,
  `cash` decimal(10,2) NOT NULL,
  `deposit` decimal(10,2) NOT NULL,
  `moneyFund` decimal(10,2) NOT NULL,
  `renRenDai` decimal(10,2) NOT NULL,
  `yiRenDai` decimal(10,2) NOT NULL,
  `paiPaiDai` decimal(10,2) NOT NULL,
  `bondFund` decimal(10,2) NOT NULL,
  `indexFund` decimal(10,2) NOT NULL,
  `commodityFund` decimal(10,2) NOT NULL,
  `debt` decimal(10,2) NOT NULL,
  `antFinance` decimal(10,2) NOT NULL,
  `luFax` decimal(10,2) NOT NULL,
  `created_at` datetime DEFAULT NULL,
  `updated_at` datetime DEFAULT NULL,
  PRIMARY KEY (`id`)
) ENGINE=InnoDB AUTO_INCREMENT=106 DEFAULT CHARSET=utf8;

LOCK TABLES `wealthDistributions` WRITE;
/*!40000 ALTER TABLE `wealthDistributions` DISABLE KEYS */;

INSERT INTO `wealthDistributions` (`id`, `recordDate`, `cash`, `deposit`, `moneyFund`, `renRenDai`, `yiRenDai`, `paiPaiDai`, `bondFund`, `indexFund`, `commodityFund`, `debt`, `antFinance`, `luFax`, `created_at`, `updated_at`)
VALUES
	(1,'2014-12-07',180.00,2735.98,2261.06,0.00,0.00,0.00,0.00,0.00,0.00,0.00,22609.10,0.00,NULL,NULL),
	(2,'2014-12-29',32.60,2740.06,2185.40,0.00,0.00,0.00,0.00,0.00,0.00,0.00,24284.91,0.00,NULL,NULL),
	(3,'2015-01-19',56.60,2739.91,2570.84,0.00,0.00,0.00,0.00,0.00,0.00,0.00,25284.91,0.00,NULL,NULL),
	(4,'2015-02-01',232.20,2739.91,2554.86,0.00,0.00,0.00,0.00,0.00,0.00,0.00,25284.91,0.00,NULL,NULL),
	(5,'2015-02-07',132.20,2739.91,3254.87,0.00,0.00,0.00,0.00,0.00,0.00,0.00,25284.91,1000.00,NULL,NULL),
	(6,'2015-02-12',131.70,2373.91,2242.30,0.00,0.00,0.00,0.00,0.00,0.00,0.00,25284.91,1005.00,NULL,NULL),
	(7,'2015-02-16',122.70,2873.91,4023.10,1000.00,0.00,0.00,0.00,0.00,0.00,0.00,25284.91,1005.00,NULL,NULL),
	(8,'2015-02-21',118.70,2873.91,3044.03,1000.00,0.00,0.00,0.00,0.00,0.00,0.00,25284.91,2000.00,NULL,NULL),
	(9,'2015-03-04',104.40,2462.88,4523.91,2000.00,0.00,0.00,0.00,0.00,0.00,2000.00,25284.91,2050.00,NULL,NULL),
	(10,'2015-03-11',86.40,2452.88,5027.83,3001.00,0.00,0.00,0.00,0.00,0.00,2000.00,25284.91,2050.00,NULL,NULL),
	(11,'2015-04-10',83.90,2455.20,3822.79,5605.23,0.00,0.00,0.00,0.00,0.00,2000.00,25284.91,2050.00,NULL,NULL),
	(12,'2015-05-02',50.40,1055.20,2893.48,5638.51,0.00,0.00,0.00,0.00,0.00,2000.00,30284.91,2000.00,NULL,NULL),
	(13,'2015-05-18',280.10,1055.20,4300.01,5697.83,0.00,0.00,0.00,0.00,0.00,2000.00,30284.91,2000.00,NULL,NULL),
	(14,'2015-06-10',212.30,1055.20,247.40,10313.32,0.00,0.00,0.00,0.00,0.00,2000.00,30284.91,2000.00,NULL,NULL),
	(15,'2015-06-21',171.30,1056.50,2260.13,10697.98,0.00,0.00,0.00,0.00,0.00,2000.00,28284.91,2001.52,NULL,NULL),
	(16,'2015-07-03',160.10,1056.50,2020.25,17554.94,0.00,0.00,0.00,0.00,0.00,2000.00,26284.91,2000.00,NULL,NULL),
	(17,'2015-07-14',149.90,1056.50,1926.36,18948.71,0.00,0.00,0.00,0.00,0.00,2000.00,26284.91,2000.00,NULL,NULL),
	(18,'2015-07-20',133.70,1046.50,1859.10,26945.78,0.00,0.00,0.00,0.00,0.00,2000.00,18284.93,2000.00,NULL,NULL),
	(19,'2015-08-05',89.20,1045.50,2001.71,27334.66,0.00,0.00,0.00,0.00,0.00,2000.00,18284.93,2000.00,NULL,NULL),
	(20,'2015-08-13',84.60,1045.50,2037.87,28544.73,0.00,0.00,0.00,0.00,0.00,2000.00,18284.93,2000.00,NULL,NULL),
	(21,'2015-09-14',42.30,903.50,1874.61,29019.44,0.00,0.00,0.00,0.00,0.00,2000.00,18284.93,2000.00,NULL,NULL),
	(22,'2015-09-26',98.60,904.41,1328.05,30107.82,0.00,0.00,0.00,0.00,0.00,2000.00,18284.93,2000.00,NULL,NULL),
	(23,'2015-10-16',11.70,500.00,800.06,32122.66,0.00,0.00,0.00,0.00,0.00,2000.00,18284.93,3000.93,NULL,NULL),
	(24,'2015-11-05',36.40,500.00,796.78,34110.79,0.00,0.00,0.00,0.00,0.00,2000.00,18284.93,3003.52,NULL,NULL),
	(25,'2015-11-17',14.80,500.00,520.31,34309.07,0.00,0.00,0.00,0.00,0.00,2000.00,18284.93,3801.98,NULL,NULL),
	(26,'2015-12-08',82.10,500.00,229.68,35271.20,0.00,0.00,0.00,200.00,0.00,2000.00,18284.93,3254.23,NULL,NULL),
	(27,'2015-12-18',69.80,500.00,749.90,36603.55,0.00,0.00,0.00,408.20,0.00,2000.00,18284.93,3555.84,NULL,NULL),
	(28,'2016-01-07',11.30,500.00,99.87,36813.07,0.00,0.00,0.00,391.58,0.00,2236.00,18284.93,3242.33,NULL,NULL),
	(29,'2016-01-21',17.30,500.00,360.70,37048.99,0.00,0.00,0.00,784.71,0.00,2236.00,17284.92,4941.92,NULL,NULL),
	(30,'2016-01-27',171.20,500.00,566.36,38104.77,0.00,0.00,0.00,755.15,0.00,2236.00,17284.92,5744.10,NULL,NULL),
	(31,'2016-02-15',293.60,500.00,1305.09,38356.92,0.00,0.00,0.00,760.50,0.00,2236.00,17284.92,7554.39,NULL,NULL),
	(32,'2016-03-10',240.90,500.00,1648.07,38636.57,0.00,0.00,0.00,1057.62,0.00,2236.00,17284.92,2073.85,NULL,NULL),
	(33,'2016-03-22',142.20,0.00,436.95,42408.00,0.00,0.00,0.00,922.02,0.00,2236.00,17284.92,601.51,NULL,NULL),
	(34,'2016-04-01',110.20,500.00,989.21,42451.76,0.00,0.00,0.00,1433.65,0.00,2236.00,17284.92,6102.22,NULL,NULL),
	(35,'2016-04-13',20.20,500.00,752.21,42656.30,0.00,0.00,0.00,1463.79,0.00,2236.00,17284.92,6811.44,NULL,NULL),
	(36,'2016-05-01',21.80,368.39,748.62,42890.55,0.00,0.00,0.00,3401.26,0.00,2236.00,17284.92,11662.34,NULL,NULL),
	(37,'2016-05-12',25.00,500.00,1060.78,73270.14,0.00,0.00,0.00,3362.05,0.00,32236.00,17284.92,11677.89,NULL,NULL),
	(38,'2016-05-31',22.50,500.00,5118.13,73525.00,0.00,0.00,0.00,4161.35,0.00,32236.00,17284.92,7717.93,NULL,NULL),
	(39,'2016-06-14',32.60,500.00,456.34,82609.62,0.00,0.00,0.00,4400.05,0.00,29822.00,17284.92,2314.60,NULL,NULL),
	(40,'2016-06-30',27.60,500.00,3320.25,82814.15,0.00,0.00,0.00,6105.46,0.00,29822.00,17284.92,2318.96,NULL,NULL),
	(41,'2016-07-21',23.70,5.00,1149.42,83478.86,0.00,0.00,0.00,3217.75,0.00,27388.00,17284.92,2324.63,NULL,NULL),
	(42,'2016-07-29',25.70,500.00,7200.70,83576.32,0.00,0.00,0.00,6465.45,0.00,27388.00,17284.92,6441.78,NULL,NULL),
	(43,'2016-08-19',25.70,498.00,1714.47,84194.58,0.00,0.00,0.00,6617.10,0.00,24944.00,17284.92,6455.72,NULL,NULL),
	(44,'2016-08-31',43.30,500.00,8180.69,84347.85,0.00,0.00,0.00,8578.21,0.00,24944.00,17284.92,10257.36,NULL,NULL),
	(45,'2016-09-12',49.30,500.00,977.19,84756.29,0.00,0.00,0.00,8447.10,0.00,22485.00,17284.92,12071.57,NULL,NULL),
	(46,'2016-09-30',49.30,500.00,5847.96,85120.86,0.00,0.00,1000.00,13406.52,0.00,22485.00,17284.92,12094.99,NULL,NULL),
	(47,'2016-10-12',30.30,450.00,1134.55,85535.61,0.00,0.00,1003.19,12641.85,1000.00,20007.00,17284.92,12110.60,NULL,NULL),
	(48,'2016-10-31',15.30,500.00,12201.78,85897.03,0.00,0.00,1006.39,12369.41,1000.00,20007.00,14951.93,14835.82,NULL,NULL),
	(49,'2016-11-12',16.30,300.08,1047.89,86306.00,0.00,0.00,1998.40,17645.24,1000.00,17517.00,14951.93,14877.17,NULL,NULL),
	(50,'2016-12-01',16.30,4135.00,8938.61,86667.87,0.00,0.00,1974.47,11599.68,1875.21,13880.00,13951.93,14909.16,NULL,NULL),
	(51,'2016-12-12',16.30,2135.00,5490.17,86855.75,0.00,0.00,3047.95,15611.86,3146.04,13880.00,13951.93,14928.30,NULL,NULL),
	(52,'2016-12-30',12.30,1000.00,4276.96,87448.63,0.00,0.00,2988.09,14868.43,3104.11,13880.00,13951.93,34891.08,NULL,NULL),
	(53,'2017-01-09',88.30,2.37,2845.36,87580.08,0.00,0.00,4192.55,20307.88,4448.04,2556.00,13951.93,9075.00,NULL,NULL),
	(54,'2017-01-20',88.30,0.00,4116.54,96014.10,0.00,0.00,4195.03,19623.25,4491.05,2556.00,13951.93,8056.26,NULL,NULL),
	(55,'2017-01-26',2088.30,8554.38,4659.35,96124.73,0.00,0.00,4201.99,19877.05,4491.91,2556.00,13951.93,8061.68,NULL,NULL),
	(56,'2017-02-09',88.30,1000.00,972.53,96843.49,0.00,0.00,5411.25,25940.87,5616.22,2556.00,13951.93,8073.80,NULL,NULL),
	(57,'2017-02-28',91.30,1000.00,10724.23,98868.54,0.00,0.00,5416.82,26360.70,5736.04,2556.00,13951.93,8089.25,NULL,NULL),
	(58,'2017-03-12',52.30,1000.00,1453.89,99286.08,0.00,0.00,6675.72,31388.07,6723.98,2556.00,13951.93,8097.26,NULL,NULL),
	(59,'2017-03-31',52.30,1000.00,9937.66,104376.19,0.00,0.00,6693.57,31254.48,6896.45,2556.00,13951.93,8114.60,NULL,NULL),
	(60,'2017-04-10',52.30,1000.00,2072.88,104539.89,0.00,0.00,7922.96,36493.94,7985.90,2556.00,13951.93,8123.11,NULL,NULL),
	(61,'2017-04-28',82.00,1000.00,22960.68,142938.46,0.00,0.00,7876.73,35542.37,8020.83,2556.00,13951.93,8138.41,NULL,NULL),
	(62,'2017-05-08',52.00,500.00,11577.77,143133.57,0.00,0.00,9184.93,43079.59,8824.57,2556.00,12951.93,8147.15,NULL,NULL),
	(63,'2017-05-31',27.00,500.00,23589.23,144154.66,0.00,0.00,9132.00,43215.70,8980.45,2556.00,12951.93,8168.16,NULL,NULL),
	(64,'2017-06-09',27.00,500.00,11705.00,144331.49,0.00,0.00,10566.00,51915.29,9960.24,2556.00,12951.93,8176.45,NULL,NULL),
	(65,'2017-06-30',48.00,12596.00,11821.48,145349.88,0.00,0.00,10717.84,52760.10,9724.29,2556.00,12951.93,8195.74,NULL,NULL),
	(66,'2017-07-03',48.00,58195.18,11245.57,145421.82,0.00,0.00,10717.84,52718.57,9724.29,39380.00,12951.93,3.61,NULL,NULL),
	(67,'2017-07-08',48.00,50500.00,0.00,164017.76,0.00,0.00,11830.70,50481.12,11050.26,39380.00,12951.93,0.00,NULL,NULL),
	(68,'2017-07-31',27.50,50500.00,16468.99,159383.45,0.00,0.00,11752.86,50246.69,11286.62,39380.00,12951.93,0.00,NULL,NULL),
	(69,'2017-08-16',27.50,1000.00,16913.93,205159.12,0.00,0.00,13013.75,46056.63,12415.39,33356.00,12951.92,0.00,NULL,NULL),
	(70,'2017-08-31',27.50,1000.00,19392.57,217202.34,0.00,0.00,12991.97,47089.76,12559.30,33356.00,11108.33,0.00,NULL,NULL),
	(71,'2017-09-13',27.50,10.00,2029.09,224474.70,50000.00,4015.00,14275.92,49183.29,13635.83,75135.69,8951.92,0.00,NULL,NULL),
	(72,'2017-09-25',2.50,0.00,42.94,221156.11,50000.00,85200.00,14287.87,48181.63,13472.79,156207.00,7951.92,0.00,NULL,NULL),
	(73,'2017-09-30',2.50,0.00,14418.61,220733.07,50000.00,90200.00,14299.83,48844.65,13514.77,153709.29,5951.92,0.00,NULL,NULL),
	(74,'2017-10-12',2.50,0.00,0.00,221729.04,50000.00,96903.55,15511.78,52568.78,14397.82,155445.00,4951.92,0.00,NULL,NULL),
	(75,'2017-10-31',0.50,0.00,13107.27,221410.52,50624.24,96900.00,15434.03,51806.53,14330.17,153137.50,4951.92,0.00,NULL,NULL),
	(76,'2017-11-13',0.50,0.00,0.00,221819.99,50789.86,103000.00,16726.90,54830.84,15545.15,150340.48,3951.92,0.00,NULL,NULL),
	(77,'2017-11-30',0.50,0.00,16922.98,222554.74,51006.43,103000.00,16642.85,51807.37,15556.45,150487.04,0.00,0.00,NULL,NULL),
	(78,'2017-12-12',0.50,0.00,0.00,227576.80,51159.31,103000.00,18050.83,60294.05,17003.13,150181.60,0.00,0.00,NULL,NULL),
	(79,'2017-12-29',0.50,0.00,15722.02,224499.81,51375.89,103000.00,18005.21,58723.38,17333.12,150299.60,0.00,0.00,NULL,NULL),
	(80,'2018-01-14',0.50,0.00,0.00,230783.11,51579.72,103000.00,19439.09,67378.06,18645.73,150177.65,0.00,0.00,NULL,NULL),
	(81,'2018-01-19',0.50,0.00,0.00,531194.27,51643.42,103000.00,19471.79,66114.34,18495.87,450330.25,0.00,0.00,NULL,NULL),
	(82,'2018-02-01',0.00,0.00,11907.58,531739.51,51809.04,103000.00,19488.14,65794.61,18352.06,450661.79,0.00,0.00,NULL,NULL),
	(83,'2018-02-13',0.00,5766.42,7505.70,544574.86,51961.91,103000.00,19537.19,80775.48,18083.92,450643.52,0.00,0.00,NULL,NULL),
	(84,'2018-02-18',200.00,362.46,7510.43,545029.91,52025.61,103000.00,19537.19,81209.33,18291.58,445673.58,0.00,0.00,NULL,NULL),
	(85,'2018-02-28',200.00,0.00,20354.79,547230.21,52153.01,103000.00,19586.23,85078.15,18231.77,448492.10,0.00,0.00,NULL,NULL),
	(86,'2018-03-19',200.00,0.00,7909.07,550804.07,52395.06,103000.00,19651.63,91772.05,18081.91,443382.89,1000.89,0.00,NULL,NULL),
	(87,'2018-03-30',200.00,1000.00,19965.59,550095.98,52535.20,103000.00,19700.68,91281.88,18060.40,443702.75,1002.31,0.00,NULL,NULL),
	(88,'2018-04-18',200.00,0.00,2618.51,551929.31,52777.26,103000.00,19798.77,97975.35,18295.61,437335.82,1004.70,0.00,NULL,NULL),
	(89,'2018-04-28',200.00,0.00,17657.78,554097.00,52904.65,103000.00,19831.47,98526.02,18078.55,437412.22,1005.85,0.00,NULL,NULL),
	(90,'2018-05-24',200.00,211.21,3083.15,559574.44,53235.89,103000.00,19798.77,108324.52,17814.45,434619.63,0.00,0.00,NULL,NULL),
	(91,'2018-06-06',430.00,0.00,18634.98,556257.17,53401.50,103000.00,19733.38,104843.62,17878.96,435479.60,0.00,0.00,NULL,NULL),
	(92,'2018-06-19',330.00,0.00,12703.54,547735.47,53567.12,103000.00,19782.42,109258.33,17955.57,430696.54,0.00,0.00,NULL,NULL),
	(93,'2018-06-30',334.00,0.00,16672.77,545090.65,53720.00,103000.00,19847.82,116483.05,17862.83,431410.75,0.00,0.00,NULL,NULL),
	(94,'2018-07-20',309.00,0.00,7555.70,529747.30,53962.05,103000.00,19913.22,134750.75,17782.86,424867.32,0.00,0.00,NULL,NULL),
	(95,'2018-07-31',309.00,0.00,26516.60,521766.58,54102.19,103000.00,20011.31,135447.93,17913.23,425569.56,0.00,0.00,NULL,NULL),
	(96,'2018-08-23',309.00,0.00,16757.05,505191.64,54395.20,110800.00,20076.71,147711.18,17637.03,421469.82,0.00,0.00,NULL,NULL),
	(97,'2018-09-05',530.10,0.00,29987.73,503415.79,54560.82,110800.00,20125.75,148335.29,17624.27,427540.27,0.00,0.00,NULL,NULL),
	(98,'2018-09-30',230.10,10552.73,25909.89,486619.19,54879.31,112100.00,20207.50,163605.72,17611.50,427144.95,0.00,0.00,NULL,NULL),
	(99,'2018-10-25',77.70,0.00,15923.57,476491.27,55197.80,111000.00,20338.29,163449.06,18430.01,414965.97,3020.02,0.00,NULL,NULL),
	(100,'2018-11-12',127.70,0.00,13611.78,472410.30,55427.12,111000.00,20436.39,168257.42,18223.70,412819.11,3020.02,0.00,NULL,NULL),
	(101,'2018-11-29',117.70,0.00,613.90,77367.17,55656.43,111000.00,20616.23,181120.38,18290.90,6265.68,3020.02,0.00,NULL,NULL),
	(102,'2018-12-02',53.10,0.00,8845.66,77372.42,55681.91,111000.00,20616.23,182673.71,18294.26,3914.77,3022.66,0.00,NULL,NULL),
	(103,'2018-12-19',58.10,0.00,3359.59,77802.63,55898.49,111000.00,20681.62,185513.49,18550.30,3943.31,0.00,0.00,NULL,NULL),
	(104,'2018-12-30',57.10,1000.00,13526.98,77946.00,56038.63,111000.00,20779.72,179940.99,18944.77,4098.31,0.00,0.00,NULL,NULL),
	(105,'2019-01-09',57.10,0.00,959.62,89466.10,56166.02,111000.00,20894.16,193580.44,18892.36,893.35,0.00,0.00,NULL,NULL);

/*!40000 ALTER TABLE `wealthDistributions` ENABLE KEYS */;
UNLOCK TABLES;


# Dump of table wealthDistributionTypes
# ------------------------------------------------------------

DROP TABLE IF EXISTS `wealthDistributionTypes`;

CREATE TABLE `wealthDistributionTypes` (
  `id` int(11) unsigned NOT NULL AUTO_INCREMENT,
  `target` varchar(15) NOT NULL DEFAULT '',
  `type` varchar(15) NOT NULL DEFAULT '',
  `created_at` datetime DEFAULT NULL,
  `updated_at` datetime DEFAULT NULL,
  PRIMARY KEY (`id`)
) ENGINE=InnoDB AUTO_INCREMENT=12 DEFAULT CHARSET=utf8;

LOCK TABLES `wealthDistributionTypes` WRITE;
/*!40000 ALTER TABLE `wealthDistributionTypes` DISABLE KEYS */;

INSERT INTO `wealthDistributionTypes` (`id`, `target`, `type`, `created_at`, `updated_at`)
VALUES
	(1,'存款','银行',NULL,NULL),
	(2,'货币基金','公募基金',NULL,NULL),
	(3,'蚂蚁定期','P2P',NULL,NULL),
	(4,'陆金所','互联网理财',NULL,NULL),
	(5,'人人贷','P2P',NULL,NULL),
	(6,'债券基金','公募基金',NULL,NULL),
	(7,'指数基金','公募基金',NULL,NULL),
	(8,'商品基金','公募基金',NULL,NULL),
	(9,'现金','其他',NULL,NULL),
	(10,'宜人贷','P2P',NULL,NULL),
	(11,'拍拍贷','P2P',NULL,NULL);

/*!40000 ALTER TABLE `wealthDistributionTypes` ENABLE KEYS */;
UNLOCK TABLES;


# Dump of table wealthRecordItems
# ------------------------------------------------------------

DROP TABLE IF EXISTS `wealthRecordItems`;

CREATE TABLE `wealthRecordItems` (
  `id` int(11) NOT NULL AUTO_INCREMENT,
  `record_id` int(11) NOT NULL,
  `category_id` int(11) NOT NULL,
  `value` decimal(10,2) NOT NULL,
  `created_at` datetime DEFAULT NULL,
  `updated_at` datetime DEFAULT NULL,
  PRIMARY KEY (`id`),
  KEY `idx_record_category` (`record_id`,`category_id`)
) ENGINE=InnoDB AUTO_INCREMENT=945 DEFAULT CHARSET=utf8;

LOCK TABLES `wealthRecordItems` WRITE;
/*!40000 ALTER TABLE `wealthRecordItems` DISABLE KEYS */;

INSERT INTO `wealthRecordItems` (`id`, `record_id`, `category_id`, `value`, `created_at`, `updated_at`)
VALUES
	(8,13,22,180.00,'2019-01-17 23:25:41','2019-01-17 23:25:41'),
	(9,13,6,2735.98,'2019-01-17 23:25:41','2019-01-17 23:25:41'),
	(10,13,8,2261.06,'2019-01-17 23:25:41','2019-01-17 23:25:41'),
	(11,13,18,22609.10,'2019-01-17 23:25:41','2019-01-17 23:25:41'),
	(12,14,22,32.60,'2019-01-17 23:28:34','2019-01-17 23:28:34'),
	(13,14,6,2740.06,'2019-01-17 23:28:34','2019-01-17 23:28:34'),
	(14,14,8,2185.40,'2019-01-17 23:28:34','2019-01-17 23:28:34'),
	(15,14,18,24284.91,'2019-01-17 23:28:34','2019-01-17 23:28:34'),
	(16,15,22,56.60,'2019-01-18 10:17:40','2019-01-18 10:17:40'),
	(17,15,6,2739.91,'2019-01-18 10:17:40','2019-01-18 10:17:40'),
	(18,15,8,2570.84,'2019-01-18 10:17:40','2019-01-18 10:17:40'),
	(19,15,18,25284.91,'2019-01-18 10:17:40','2019-01-18 10:17:40'),
	(20,16,22,232.20,'2019-01-18 20:27:06','2019-01-18 20:27:06'),
	(21,16,6,2739.91,'2019-01-18 20:27:06','2019-01-18 20:27:06'),
	(22,16,8,2554.86,'2019-01-18 20:27:06','2019-01-18 20:27:06'),
	(23,16,18,25284.91,'2019-01-18 20:27:06','2019-01-18 20:27:06'),
	(24,17,22,132.20,'2019-01-18 20:44:11','2019-01-18 20:44:11'),
	(25,17,6,2739.91,'2019-01-18 20:44:11','2019-01-18 20:44:11'),
	(26,17,8,3254.87,'2019-01-18 20:44:11','2019-01-18 20:44:11'),
	(27,17,18,25284.91,'2019-01-18 20:44:11','2019-01-18 20:44:11'),
	(28,17,16,1000.00,'2019-01-18 20:44:11','2019-01-18 20:44:11'),
	(29,18,22,131.70,'2019-01-18 20:48:25','2019-01-18 20:48:25'),
	(30,18,6,2373.91,'2019-01-18 20:48:25','2019-01-18 20:48:25'),
	(31,18,8,2242.30,'2019-01-18 20:48:25','2019-01-18 20:48:25'),
	(32,18,18,25284.91,'2019-01-18 20:48:25','2019-01-18 20:48:25'),
	(33,18,16,1005.00,'2019-01-18 20:48:25','2019-01-18 20:48:25'),
	(34,19,22,122.70,'2019-01-18 20:51:20','2019-01-18 20:51:20'),
	(35,19,6,2873.91,'2019-01-18 20:51:20','2019-01-18 20:51:20'),
	(36,19,8,4023.10,'2019-01-18 20:51:20','2019-01-18 20:51:20'),
	(37,19,18,25284.91,'2019-01-18 20:51:20','2019-01-18 20:51:20'),
	(38,19,16,1005.00,'2019-01-18 20:51:20','2019-01-18 20:51:20'),
	(39,19,14,1000.00,'2019-01-18 20:51:20','2019-01-18 20:51:20'),
	(40,20,22,118.70,'2019-01-18 20:53:53','2019-01-18 20:53:53'),
	(41,20,6,2873.91,'2019-01-18 20:53:53','2019-01-18 20:53:53'),
	(42,20,8,3044.03,'2019-01-18 20:53:53','2019-01-18 20:53:53'),
	(43,20,18,25284.91,'2019-01-18 20:53:53','2019-01-18 20:53:53'),
	(44,20,16,2000.00,'2019-01-18 20:53:53','2019-01-18 20:53:53'),
	(45,20,14,1000.00,'2019-01-18 20:53:53','2019-01-18 20:53:53'),
	(46,21,22,104.40,'2019-01-18 20:55:51','2019-01-18 20:55:51'),
	(47,21,6,2462.88,'2019-01-18 20:55:51','2019-01-18 20:55:51'),
	(48,21,8,4523.91,'2019-01-18 20:55:51','2019-01-18 20:55:51'),
	(49,21,18,25284.91,'2019-01-18 20:55:51','2019-01-18 20:55:51'),
	(50,21,14,2000.00,'2019-01-18 20:55:51','2019-01-18 20:55:51'),
	(51,21,16,2050.00,'2019-01-18 20:55:51','2019-01-18 20:55:51'),
	(52,22,22,86.40,'2019-01-18 21:10:26','2019-01-18 21:10:26'),
	(53,22,6,2452.88,'2019-01-18 21:10:26','2019-01-18 21:10:26'),
	(54,22,8,5027.83,'2019-01-18 21:10:26','2019-01-18 21:10:26'),
	(55,22,18,25284.91,'2019-01-18 21:10:26','2019-01-18 21:10:26'),
	(56,22,14,3001.00,'2019-01-18 21:10:26','2019-01-18 21:10:26'),
	(57,22,16,2050.00,'2019-01-18 21:10:26','2019-01-18 21:10:26'),
	(58,23,22,83.90,'2019-01-18 21:13:34','2019-01-18 21:13:34'),
	(59,23,6,2455.20,'2019-01-18 21:13:34','2019-01-18 21:13:34'),
	(60,23,8,3822.79,'2019-01-18 21:13:34','2019-01-18 21:13:34'),
	(61,23,18,25284.91,'2019-01-18 21:13:34','2019-01-18 21:13:34'),
	(62,23,14,5605.23,'2019-01-18 21:13:34','2019-01-18 21:13:34'),
	(63,23,16,2050.00,'2019-01-18 21:13:34','2019-01-18 21:13:34'),
	(64,24,22,50.40,'2019-01-18 21:18:13','2019-01-18 21:18:13'),
	(65,24,6,1055.20,'2019-01-18 21:18:13','2019-01-18 21:18:13'),
	(66,24,8,2893.48,'2019-01-18 21:18:13','2019-01-18 21:18:13'),
	(67,24,18,30284.91,'2019-01-18 21:18:13','2019-01-18 21:18:13'),
	(68,24,14,5638.51,'2019-01-18 21:18:13','2019-01-18 21:18:13'),
	(69,24,16,2000.00,'2019-01-18 21:18:13','2019-01-18 21:18:13'),
	(70,25,22,280.10,'2019-01-18 21:20:07','2019-01-18 21:20:07'),
	(71,25,6,1055.20,'2019-01-18 21:20:07','2019-01-18 21:20:07'),
	(72,25,8,4300.01,'2019-01-18 21:20:07','2019-01-18 21:20:07'),
	(73,25,18,30284.91,'2019-01-18 21:20:07','2019-01-18 21:20:07'),
	(74,25,16,2000.00,'2019-01-18 21:20:07','2019-01-18 21:20:07'),
	(75,25,14,5697.83,'2019-01-18 21:20:07','2019-01-18 21:20:07'),
	(76,26,22,212.30,'2019-01-18 21:22:13','2019-01-18 21:22:13'),
	(77,26,6,1055.20,'2019-01-18 21:22:13','2019-01-18 21:22:13'),
	(78,26,8,247.40,'2019-01-18 21:22:13','2019-01-18 21:22:13'),
	(79,26,18,30284.91,'2019-01-18 21:22:13','2019-01-18 21:22:13'),
	(80,26,16,2000.00,'2019-01-18 21:22:13','2019-01-18 21:22:13'),
	(81,26,14,10313.32,'2019-01-18 21:22:13','2019-01-18 21:22:13'),
	(82,27,22,171.30,'2019-01-18 21:26:22','2019-01-18 21:26:22'),
	(83,27,6,1056.50,'2019-01-18 21:26:22','2019-01-18 21:26:22'),
	(84,27,8,2260.13,'2019-01-18 21:26:22','2019-01-18 21:26:22'),
	(85,27,18,28284.91,'2019-01-18 21:26:22','2019-01-18 21:26:22'),
	(86,27,16,2001.52,'2019-01-18 21:26:22','2019-01-18 21:26:22'),
	(87,27,14,10697.98,'2019-01-18 21:26:22','2019-01-18 21:26:22'),
	(88,28,22,160.10,'2019-01-18 21:29:16','2019-01-18 21:29:16'),
	(89,28,6,1056.50,'2019-01-18 21:29:16','2019-01-18 21:29:16'),
	(90,28,8,2020.25,'2019-01-18 21:29:16','2019-01-18 21:29:16'),
	(91,28,18,26284.91,'2019-01-18 21:29:16','2019-01-18 21:29:16'),
	(92,28,14,17554.94,'2019-01-18 21:29:16','2019-01-18 21:29:16'),
	(93,28,16,2000.00,'2019-01-18 21:29:16','2019-01-18 21:29:16'),
	(94,29,22,149.90,'2019-01-18 21:31:11','2019-01-18 21:31:11'),
	(95,29,6,1056.50,'2019-01-18 21:31:11','2019-01-18 21:31:11'),
	(96,29,8,1926.36,'2019-01-18 21:31:11','2019-01-18 21:31:11'),
	(97,29,18,26284.91,'2019-01-18 21:31:11','2019-01-18 21:31:11'),
	(98,29,14,18948.71,'2019-01-18 21:31:11','2019-01-18 21:31:11'),
	(99,29,16,2000.00,'2019-01-18 21:31:11','2019-01-18 21:31:11'),
	(100,30,22,133.70,'2019-01-18 21:33:50','2019-01-18 21:33:50'),
	(101,30,6,1046.50,'2019-01-18 21:33:50','2019-01-18 21:33:50'),
	(102,30,8,1859.10,'2019-01-18 21:33:50','2019-01-18 21:33:50'),
	(103,30,18,18284.93,'2019-01-18 21:33:50','2019-01-18 21:33:50'),
	(104,30,14,26945.78,'2019-01-18 21:33:50','2019-01-18 21:33:50'),
	(105,30,16,2000.00,'2019-01-18 21:33:50','2019-01-18 21:33:50'),
	(106,31,22,89.20,'2019-01-19 11:08:08','2019-01-19 11:08:08'),
	(107,31,6,1045.50,'2019-01-19 11:08:08','2019-01-19 11:08:08'),
	(108,31,8,2001.71,'2019-01-19 11:08:08','2019-01-19 11:08:08'),
	(109,31,18,18284.93,'2019-01-19 11:08:08','2019-01-19 11:08:08'),
	(110,31,14,27334.66,'2019-01-19 11:08:08','2019-01-19 11:08:08'),
	(111,31,16,2000.00,'2019-01-19 11:08:08','2019-01-19 11:08:08'),
	(112,32,22,84.60,'2019-01-19 11:10:35','2019-01-19 11:10:35'),
	(113,32,6,1045.50,'2019-01-19 11:10:35','2019-01-19 11:10:35'),
	(114,32,8,2037.87,'2019-01-19 11:10:35','2019-01-19 11:10:35'),
	(115,32,18,18284.93,'2019-01-19 11:10:35','2019-01-19 11:10:35'),
	(116,32,14,28544.73,'2019-01-19 11:10:35','2019-01-19 11:10:35'),
	(117,32,16,2000.00,'2019-01-19 11:10:35','2019-01-19 11:10:35'),
	(118,33,22,42.30,'2019-01-19 11:12:45','2019-01-19 11:12:45'),
	(119,33,6,903.50,'2019-01-19 11:12:45','2019-01-19 11:12:45'),
	(120,33,8,1874.61,'2019-01-19 11:12:45','2019-01-19 11:12:45'),
	(121,33,18,18284.93,'2019-01-19 11:12:45','2019-01-19 11:12:45'),
	(122,33,14,29019.44,'2019-01-19 11:12:45','2019-01-19 11:12:45'),
	(123,33,16,2000.00,'2019-01-19 11:12:45','2019-01-19 11:12:45'),
	(124,34,22,98.60,'2019-01-19 11:20:45','2019-01-19 11:20:45'),
	(125,34,6,904.41,'2019-01-19 11:20:45','2019-01-19 11:20:45'),
	(126,34,8,1328.05,'2019-01-19 11:20:45','2019-01-19 11:20:45'),
	(127,34,18,18284.93,'2019-01-19 11:20:45','2019-01-19 11:20:45'),
	(128,34,14,30107.82,'2019-01-19 11:20:45','2019-01-19 11:20:45'),
	(129,34,16,2000.00,'2019-01-19 11:20:45','2019-01-19 11:20:45'),
	(130,35,22,11.70,'2019-01-19 12:41:23','2019-01-19 12:41:23'),
	(131,35,6,500.00,'2019-01-19 12:41:23','2019-01-19 12:41:23'),
	(132,35,8,800.06,'2019-01-19 12:41:23','2019-01-19 12:41:23'),
	(133,35,16,3000.93,'2019-01-19 12:41:23','2019-01-19 12:41:23'),
	(134,35,14,32122.66,'2019-01-19 12:41:23','2019-01-19 12:41:23'),
	(135,35,18,18284.93,'2019-01-19 12:41:23','2019-01-19 12:41:23'),
	(136,36,22,36.40,'2019-01-19 12:42:55','2019-01-19 12:42:55'),
	(137,36,6,500.00,'2019-01-19 12:42:55','2019-01-19 12:42:55'),
	(138,36,8,796.78,'2019-01-19 12:42:55','2019-01-19 12:42:55'),
	(139,36,14,34110.79,'2019-01-19 12:42:55','2019-01-19 12:42:55'),
	(140,36,16,3003.52,'2019-01-19 12:42:55','2019-01-19 12:42:55'),
	(141,36,18,18284.93,'2019-01-19 12:42:55','2019-01-19 12:42:55'),
	(142,37,22,14.80,'2019-01-19 16:34:33','2019-01-19 16:34:33'),
	(143,37,6,500.00,'2019-01-19 16:34:33','2019-01-19 16:34:33'),
	(144,37,8,520.31,'2019-01-19 16:34:33','2019-01-19 16:34:33'),
	(145,37,14,34309.07,'2019-01-19 16:34:33','2019-01-19 16:34:33'),
	(146,37,16,3801.98,'2019-01-19 16:34:33','2019-01-19 16:34:33'),
	(147,37,18,18284.93,'2019-01-19 16:34:33','2019-01-19 16:34:33'),
	(148,38,22,82.10,'2019-01-19 16:38:05','2019-01-19 16:38:05'),
	(149,38,6,500.00,'2019-01-19 16:38:05','2019-01-19 16:38:05'),
	(150,38,8,229.68,'2019-01-19 16:38:05','2019-01-19 16:38:05'),
	(151,38,14,35271.20,'2019-01-19 16:38:05','2019-01-19 16:38:05'),
	(152,38,16,3254.23,'2019-01-19 16:38:05','2019-01-19 16:38:05'),
	(153,38,18,18284.93,'2019-01-19 16:38:05','2019-01-19 16:38:05'),
	(154,38,9,200.00,'2019-01-19 16:38:05','2019-01-19 16:38:05'),
	(155,39,22,69.80,'2019-01-19 16:39:38','2019-01-19 16:39:38'),
	(156,39,6,500.00,'2019-01-19 16:39:38','2019-01-19 16:39:38'),
	(157,39,8,749.90,'2019-01-19 16:39:38','2019-01-19 16:39:38'),
	(158,39,9,408.20,'2019-01-19 16:39:38','2019-01-19 16:39:38'),
	(159,39,14,36603.55,'2019-01-19 16:39:38','2019-01-19 16:39:38'),
	(160,39,16,3555.84,'2019-01-19 16:39:38','2019-01-19 16:39:38'),
	(161,39,18,18284.93,'2019-01-19 16:39:38','2019-01-19 16:39:38'),
	(162,40,22,11.30,'2019-01-19 16:40:59','2019-01-19 16:40:59'),
	(163,40,6,500.00,'2019-01-19 16:40:59','2019-01-19 16:40:59'),
	(164,40,8,99.87,'2019-01-19 16:40:59','2019-01-19 16:40:59'),
	(165,40,9,391.58,'2019-01-19 16:40:59','2019-01-19 16:40:59'),
	(166,40,16,3242.33,'2019-01-19 16:40:59','2019-01-19 16:40:59'),
	(167,40,14,36813.07,'2019-01-19 16:40:59','2019-01-19 16:40:59'),
	(168,40,18,18284.93,'2019-01-19 16:40:59','2019-01-19 16:40:59'),
	(169,41,22,17.30,'2019-01-19 16:42:57','2019-01-19 16:42:57'),
	(170,41,6,500.00,'2019-01-19 16:42:57','2019-01-19 16:42:57'),
	(171,41,8,360.70,'2019-01-19 16:42:57','2019-01-19 16:42:57'),
	(172,41,9,784.71,'2019-01-19 16:42:57','2019-01-19 16:42:57'),
	(173,41,16,4941.92,'2019-01-19 16:42:57','2019-01-19 16:42:57'),
	(174,41,14,37048.99,'2019-01-19 16:42:57','2019-01-19 16:42:57'),
	(175,41,18,17284.92,'2019-01-19 16:42:57','2019-01-19 16:42:57'),
	(176,42,22,171.20,'2019-01-19 16:45:11','2019-01-19 16:45:11'),
	(177,42,6,500.00,'2019-01-19 16:45:11','2019-01-19 16:45:11'),
	(178,42,8,566.36,'2019-01-19 16:45:11','2019-01-19 16:45:11'),
	(179,42,9,755.15,'2019-01-19 16:45:11','2019-01-19 16:45:11'),
	(180,42,14,38104.77,'2019-01-19 16:45:11','2019-01-19 16:45:11'),
	(181,42,16,5744.10,'2019-01-19 16:45:11','2019-01-19 16:45:11'),
	(182,42,18,17284.92,'2019-01-19 16:45:11','2019-01-19 16:45:11'),
	(183,43,22,293.60,'2019-01-19 16:47:59','2019-01-19 16:47:59'),
	(184,43,6,500.00,'2019-01-19 16:47:59','2019-01-19 16:47:59'),
	(185,43,8,1305.09,'2019-01-19 16:47:59','2019-01-19 16:47:59'),
	(186,43,9,760.50,'2019-01-19 16:47:59','2019-01-19 16:47:59'),
	(187,43,14,38356.92,'2019-01-19 16:47:59','2019-01-19 16:47:59'),
	(188,43,16,7554.39,'2019-01-19 16:47:59','2019-01-19 16:47:59'),
	(189,43,18,17284.92,'2019-01-19 16:47:59','2019-01-19 16:47:59'),
	(190,44,22,240.90,'2019-01-19 16:50:26','2019-01-19 16:50:26'),
	(191,44,6,500.00,'2019-01-19 16:50:26','2019-01-19 16:50:26'),
	(192,44,8,1648.07,'2019-01-19 16:50:26','2019-01-19 16:50:26'),
	(193,44,9,1057.62,'2019-01-19 16:50:26','2019-01-19 16:50:26'),
	(194,44,14,38636.57,'2019-01-19 16:50:26','2019-01-19 16:50:26'),
	(195,44,16,2073.85,'2019-01-19 16:50:26','2019-01-19 16:50:26'),
	(196,44,18,17284.92,'2019-01-19 16:50:26','2019-01-19 16:50:26'),
	(197,45,22,142.20,'2019-01-19 16:53:05','2019-01-19 16:53:05'),
	(198,45,6,0.00,'2019-01-19 16:53:05','2019-01-19 16:53:05'),
	(199,45,8,436.95,'2019-01-19 16:53:05','2019-01-19 16:53:05'),
	(200,45,9,922.02,'2019-01-19 16:53:05','2019-01-19 16:53:05'),
	(201,45,14,42408.00,'2019-01-19 16:53:05','2019-01-19 16:53:05'),
	(202,45,16,601.51,'2019-01-19 16:53:05','2019-01-19 16:53:05'),
	(203,45,18,17284.92,'2019-01-19 16:53:05','2019-01-19 16:53:05'),
	(204,46,22,110.20,'2019-01-19 16:55:49','2019-01-19 16:55:49'),
	(205,46,6,500.00,'2019-01-19 16:55:49','2019-01-19 16:55:49'),
	(206,46,8,989.21,'2019-01-19 16:55:49','2019-01-19 16:55:49'),
	(207,46,9,1433.65,'2019-01-19 16:55:49','2019-01-19 16:55:49'),
	(208,46,14,42451.76,'2019-01-19 16:55:49','2019-01-19 16:55:49'),
	(209,46,16,6102.22,'2019-01-19 16:55:49','2019-01-19 16:55:49'),
	(210,46,18,17284.92,'2019-01-19 16:55:49','2019-01-19 16:55:49'),
	(211,47,22,20.20,'2019-01-19 16:58:16','2019-01-19 16:58:16'),
	(212,47,6,500.00,'2019-01-19 16:58:16','2019-01-19 16:58:16'),
	(213,47,8,752.21,'2019-01-19 16:58:16','2019-01-19 16:58:16'),
	(214,47,9,1463.79,'2019-01-19 16:58:16','2019-01-19 16:58:16'),
	(215,47,14,42656.30,'2019-01-19 16:58:16','2019-01-19 16:58:16'),
	(216,47,16,6811.44,'2019-01-19 16:58:16','2019-01-19 16:58:16'),
	(217,47,18,17284.92,'2019-01-19 16:58:16','2019-01-19 16:58:16'),
	(218,48,22,21.80,'2019-01-19 17:00:57','2019-01-19 17:00:57'),
	(219,48,6,368.39,'2019-01-19 17:00:57','2019-01-19 17:00:57'),
	(220,48,8,748.62,'2019-01-19 17:00:57','2019-01-19 17:00:57'),
	(221,48,9,3401.26,'2019-01-19 17:00:57','2019-01-19 17:00:57'),
	(222,48,14,42890.55,'2019-01-19 17:00:57','2019-01-19 17:00:57'),
	(223,48,16,11662.34,'2019-01-19 17:00:57','2019-01-19 17:00:57'),
	(224,48,18,17284.92,'2019-01-19 17:00:57','2019-01-19 17:00:57'),
	(225,49,22,25.00,'2019-01-19 17:03:23','2019-01-19 17:03:23'),
	(226,49,6,500.00,'2019-01-19 17:03:23','2019-01-19 17:03:23'),
	(227,49,8,1060.78,'2019-01-19 17:03:23','2019-01-19 17:03:23'),
	(228,49,9,3362.05,'2019-01-19 17:03:23','2019-01-19 17:03:23'),
	(229,49,14,73270.14,'2019-01-19 17:03:23','2019-01-19 17:03:23'),
	(230,49,16,11677.89,'2019-01-19 17:03:23','2019-01-19 17:03:23'),
	(231,49,25,32236.00,'2019-01-19 17:03:23','2019-01-19 17:03:23'),
	(232,49,18,17284.92,'2019-01-19 17:03:23','2019-01-19 17:03:23'),
	(233,50,22,22.50,'2019-01-19 17:16:18','2019-01-19 17:16:18'),
	(234,50,6,500.00,'2019-01-19 17:16:18','2019-01-19 17:16:18'),
	(235,50,8,5118.13,'2019-01-19 17:16:18','2019-01-19 17:16:18'),
	(236,50,9,4161.35,'2019-01-19 17:16:18','2019-01-19 17:16:18'),
	(237,50,14,73525.00,'2019-01-19 17:16:18','2019-01-19 17:16:18'),
	(238,50,16,7717.93,'2019-01-19 17:16:18','2019-01-19 17:16:18'),
	(239,50,18,17284.92,'2019-01-19 17:16:18','2019-01-19 17:16:18'),
	(240,50,25,32236.00,'2019-01-19 17:16:18','2019-01-19 17:16:18'),
	(241,51,22,32.60,'2019-01-19 17:18:56','2019-01-19 17:18:56'),
	(242,51,6,500.00,'2019-01-19 17:18:56','2019-01-19 17:18:56'),
	(243,51,8,456.34,'2019-01-19 17:18:56','2019-01-19 17:18:56'),
	(244,51,9,4400.05,'2019-01-19 17:18:56','2019-01-19 17:18:56'),
	(245,51,14,82609.62,'2019-01-19 17:18:56','2019-01-19 17:18:56'),
	(246,51,16,2314.60,'2019-01-19 17:18:56','2019-01-19 17:18:56'),
	(247,51,18,17284.92,'2019-01-19 17:18:56','2019-01-19 17:18:56'),
	(248,51,25,29822.00,'2019-01-19 17:18:56','2019-01-19 17:18:56'),
	(249,52,22,27.60,'2019-01-19 18:18:25','2019-01-19 18:18:25'),
	(250,52,6,500.00,'2019-01-19 18:18:25','2019-01-19 18:18:25'),
	(251,52,8,3320.25,'2019-01-19 18:18:25','2019-01-19 18:18:25'),
	(252,52,9,6105.46,'2019-01-19 18:18:25','2019-01-19 18:18:25'),
	(253,52,14,82814.15,'2019-01-19 18:18:25','2019-01-19 18:18:25'),
	(254,52,18,17284.92,'2019-01-19 18:18:25','2019-01-19 18:18:25'),
	(255,52,16,2318.96,'2019-01-19 18:18:25','2019-01-19 18:18:25'),
	(256,52,25,29822.00,'2019-01-19 18:18:25','2019-01-19 18:18:25'),
	(257,53,22,23.70,'2019-01-19 18:21:14','2019-01-19 18:21:14'),
	(258,53,6,5.00,'2019-01-19 18:21:14','2019-01-19 18:21:14'),
	(259,53,8,1149.42,'2019-01-19 18:21:14','2019-01-19 18:21:14'),
	(260,53,9,3217.75,'2019-01-19 18:21:14','2019-01-19 18:21:14'),
	(261,53,14,83478.86,'2019-01-19 18:21:14','2019-01-19 18:21:14'),
	(262,53,18,17284.92,'2019-01-19 18:21:14','2019-01-19 18:21:14'),
	(263,53,16,2324.63,'2019-01-19 18:21:14','2019-01-19 18:21:14'),
	(264,53,25,27388.00,'2019-01-19 18:21:14','2019-01-19 18:21:14'),
	(265,54,22,25.70,'2019-01-19 18:23:36','2019-01-19 18:23:36'),
	(266,54,6,500.00,'2019-01-19 18:23:36','2019-01-19 18:23:36'),
	(267,54,8,7200.70,'2019-01-19 18:23:36','2019-01-19 18:23:36'),
	(268,54,9,6465.45,'2019-01-19 18:23:36','2019-01-19 18:23:36'),
	(269,54,14,83576.32,'2019-01-19 18:23:36','2019-01-19 18:23:36'),
	(270,54,16,6441.78,'2019-01-19 18:23:36','2019-01-19 18:23:36'),
	(271,54,18,17284.92,'2019-01-19 18:23:36','2019-01-19 18:23:36'),
	(272,54,25,27388.00,'2019-01-19 18:23:36','2019-01-19 18:23:36'),
	(273,55,22,25.70,'2019-01-19 18:25:10','2019-01-19 18:25:10'),
	(274,55,6,498.00,'2019-01-19 18:25:10','2019-01-19 18:25:10'),
	(275,55,8,1714.47,'2019-01-19 18:25:10','2019-01-19 18:25:10'),
	(276,55,9,6617.10,'2019-01-19 18:25:10','2019-01-19 18:25:10'),
	(277,55,14,84194.58,'2019-01-19 18:25:10','2019-01-19 18:25:10'),
	(278,55,16,6455.72,'2019-01-19 18:25:10','2019-01-19 18:25:10'),
	(279,55,18,17284.92,'2019-01-19 18:25:10','2019-01-19 18:25:10'),
	(280,55,25,24944.00,'2019-01-19 18:25:10','2019-01-19 18:25:10'),
	(281,56,22,43.30,'2019-01-19 18:26:36','2019-01-19 18:26:36'),
	(282,56,6,500.00,'2019-01-19 18:26:36','2019-01-19 18:26:36'),
	(283,56,8,8180.69,'2019-01-19 18:26:36','2019-01-19 18:26:36'),
	(284,56,9,8578.21,'2019-01-19 18:26:36','2019-01-19 18:26:36'),
	(285,56,14,84347.85,'2019-01-19 18:26:36','2019-01-19 18:26:36'),
	(286,56,16,10257.36,'2019-01-19 18:26:36','2019-01-19 18:26:36'),
	(287,56,18,17284.92,'2019-01-19 18:26:36','2019-01-19 18:26:36'),
	(288,56,25,24944.00,'2019-01-19 18:26:36','2019-01-19 18:26:36'),
	(289,57,22,49.30,'2019-01-19 18:38:38','2019-01-19 18:38:38'),
	(290,57,6,500.00,'2019-01-19 18:38:38','2019-01-19 18:38:38'),
	(291,57,8,977.19,'2019-01-19 18:38:38','2019-01-19 18:38:38'),
	(292,57,9,8447.10,'2019-01-19 18:38:38','2019-01-19 18:38:38'),
	(293,57,14,84756.29,'2019-01-19 18:38:38','2019-01-19 18:38:38'),
	(294,57,16,12071.57,'2019-01-19 18:38:38','2019-01-19 18:38:38'),
	(295,57,18,17284.92,'2019-01-19 18:38:38','2019-01-19 18:38:38'),
	(296,57,25,22485.00,'2019-01-19 18:38:38','2019-01-19 18:38:38'),
	(297,58,22,49.30,'2019-01-19 18:40:01','2019-01-19 18:40:01'),
	(298,58,6,500.00,'2019-01-19 18:40:01','2019-01-19 18:40:01'),
	(299,58,8,5847.96,'2019-01-19 18:40:01','2019-01-19 18:40:01'),
	(300,58,9,13406.52,'2019-01-19 18:40:01','2019-01-19 18:40:01'),
	(301,58,14,85120.86,'2019-01-19 18:40:01','2019-01-19 18:40:01'),
	(302,58,16,12094.99,'2019-01-19 18:40:01','2019-01-19 18:40:01'),
	(303,58,18,17284.92,'2019-01-19 18:40:01','2019-01-19 18:40:01'),
	(304,58,25,22485.00,'2019-01-19 18:40:01','2019-01-19 18:40:01'),
	(305,58,11,1000.00,'2019-01-19 18:40:01','2019-01-19 18:40:01'),
	(306,59,22,30.30,'2019-01-19 18:41:30','2019-01-19 18:41:30'),
	(307,59,6,450.00,'2019-01-19 18:41:30','2019-01-19 18:41:30'),
	(308,59,8,1134.55,'2019-01-19 18:41:30','2019-01-19 18:41:30'),
	(309,59,9,12641.85,'2019-01-19 18:41:30','2019-01-19 18:41:30'),
	(310,59,11,1003.19,'2019-01-19 18:41:30','2019-01-19 18:41:30'),
	(311,59,14,85535.61,'2019-01-19 18:41:30','2019-01-19 18:41:30'),
	(312,59,16,12110.60,'2019-01-19 18:41:30','2019-01-19 18:41:30'),
	(313,59,25,20007.00,'2019-01-19 18:41:30','2019-01-19 18:41:30'),
	(314,59,18,17284.92,'2019-01-19 18:41:30','2019-01-19 18:41:30'),
	(315,59,12,1000.00,'2019-01-19 18:41:30','2019-01-19 18:41:30'),
	(316,60,22,15.30,'2019-01-19 18:42:51','2019-01-19 18:42:51'),
	(317,60,6,500.00,'2019-01-19 18:42:51','2019-01-19 18:42:51'),
	(318,60,8,12201.78,'2019-01-19 18:42:51','2019-01-19 18:42:51'),
	(319,60,9,12369.41,'2019-01-19 18:42:51','2019-01-19 18:42:51'),
	(320,60,11,1006.39,'2019-01-19 18:42:51','2019-01-19 18:42:51'),
	(321,60,12,1000.00,'2019-01-19 18:42:51','2019-01-19 18:42:51'),
	(322,60,14,85897.03,'2019-01-19 18:42:51','2019-01-19 18:42:51'),
	(323,60,16,14835.82,'2019-01-19 18:42:51','2019-01-19 18:42:51'),
	(324,60,18,14951.93,'2019-01-19 18:42:51','2019-01-19 18:42:51'),
	(325,60,25,20007.00,'2019-01-19 18:42:51','2019-01-19 18:42:51'),
	(326,61,22,16.30,'2019-01-19 18:44:40','2019-01-19 18:44:40'),
	(327,61,6,300.08,'2019-01-19 18:44:40','2019-01-19 18:44:40'),
	(328,61,8,1047.89,'2019-01-19 18:44:40','2019-01-19 18:44:40'),
	(329,61,9,17645.24,'2019-01-19 18:44:40','2019-01-19 18:44:40'),
	(330,61,11,1998.40,'2019-01-19 18:44:40','2019-01-19 18:44:40'),
	(331,61,12,1000.00,'2019-01-19 18:44:40','2019-01-19 18:44:40'),
	(332,61,14,86306.00,'2019-01-19 18:44:40','2019-01-19 18:44:40'),
	(333,61,16,14877.17,'2019-01-19 18:44:40','2019-01-19 18:44:40'),
	(334,61,18,14951.93,'2019-01-19 18:44:40','2019-01-19 18:44:40'),
	(335,61,25,17517.00,'2019-01-19 18:44:40','2019-01-19 18:44:40'),
	(336,62,22,16.30,'2019-01-19 18:46:21','2019-01-19 18:46:21'),
	(337,62,6,4135.00,'2019-01-19 18:46:21','2019-01-19 18:46:21'),
	(338,62,8,8938.61,'2019-01-19 18:46:21','2019-01-19 18:46:21'),
	(339,62,9,11599.68,'2019-01-19 18:46:21','2019-01-19 18:46:21'),
	(340,62,11,1974.47,'2019-01-19 18:46:21','2019-01-19 18:46:21'),
	(341,62,12,1875.21,'2019-01-19 18:46:21','2019-01-19 18:46:21'),
	(342,62,14,86667.87,'2019-01-19 18:46:21','2019-01-19 18:46:21'),
	(343,62,16,14909.16,'2019-01-19 18:46:21','2019-01-19 18:46:21'),
	(344,62,18,13951.93,'2019-01-19 18:46:21','2019-01-19 18:46:21'),
	(345,62,25,13880.00,'2019-01-19 18:46:21','2019-01-19 18:46:21'),
	(346,63,22,16.30,'2019-01-19 18:50:02','2019-01-19 18:50:02'),
	(347,63,6,2135.00,'2019-01-19 18:50:02','2019-01-19 18:50:02'),
	(348,63,8,5490.17,'2019-01-19 18:50:02','2019-01-19 18:50:02'),
	(349,63,9,15611.86,'2019-01-19 18:50:02','2019-01-19 18:50:02'),
	(350,63,11,3047.95,'2019-01-19 18:50:02','2019-01-19 18:50:02'),
	(351,63,12,3146.04,'2019-01-19 18:50:02','2019-01-19 18:50:02'),
	(352,63,25,13880.00,'2019-01-19 18:50:02','2019-01-19 18:50:02'),
	(353,63,18,13951.93,'2019-01-19 18:50:02','2019-01-19 18:50:02'),
	(354,63,16,14928.30,'2019-01-19 18:50:02','2019-01-19 18:50:02'),
	(355,63,14,86855.75,'2019-01-19 18:50:02','2019-01-19 18:50:02'),
	(356,64,22,16.30,'2019-01-19 18:50:21','2019-01-19 18:50:21'),
	(357,64,6,2135.00,'2019-01-19 18:50:21','2019-01-19 18:50:21'),
	(358,64,8,5490.17,'2019-01-19 18:50:21','2019-01-19 18:50:21'),
	(359,64,9,15611.86,'2019-01-19 18:50:21','2019-01-19 18:50:21'),
	(360,64,11,3047.95,'2019-01-19 18:50:21','2019-01-19 18:50:21'),
	(361,64,12,3146.04,'2019-01-19 18:50:21','2019-01-19 18:50:21'),
	(362,64,14,86855.75,'2019-01-19 18:50:21','2019-01-19 18:50:21'),
	(363,64,16,14928.30,'2019-01-19 18:50:21','2019-01-19 18:50:21'),
	(364,64,18,13951.93,'2019-01-19 18:50:21','2019-01-19 18:50:21'),
	(365,64,25,13880.00,'2019-01-19 18:50:21','2019-01-19 18:50:21'),
	(366,65,22,12.30,'2019-01-19 19:05:50','2019-01-19 19:05:50'),
	(367,65,6,1000.00,'2019-01-19 19:05:50','2019-01-19 19:05:50'),
	(368,65,8,4276.96,'2019-01-19 19:05:50','2019-01-19 19:05:50'),
	(369,65,9,14868.43,'2019-01-19 19:05:50','2019-01-19 19:05:50'),
	(370,65,11,2988.09,'2019-01-19 19:05:50','2019-01-19 19:05:50'),
	(371,65,12,3104.11,'2019-01-19 19:05:50','2019-01-19 19:05:50'),
	(372,65,14,87448.63,'2019-01-19 19:05:50','2019-01-19 19:05:50'),
	(373,65,16,34891.08,'2019-01-19 19:05:50','2019-01-19 19:05:50'),
	(374,65,18,13951.93,'2019-01-19 19:05:50','2019-01-19 19:05:50'),
	(375,65,25,13880.00,'2019-01-19 19:05:50','2019-01-19 19:05:50'),
	(376,66,22,88.30,'2019-01-19 19:44:03','2019-01-19 19:44:03'),
	(377,66,8,2845.36,'2019-01-19 19:44:03','2019-01-19 19:44:03'),
	(378,66,9,20307.88,'2019-01-19 19:44:03','2019-01-19 19:44:03'),
	(379,66,11,4192.55,'2019-01-19 19:44:03','2019-01-19 19:44:03'),
	(380,66,12,4448.04,'2019-01-19 19:44:03','2019-01-19 19:44:03'),
	(381,66,14,87580.08,'2019-01-19 19:44:03','2019-01-19 19:44:03'),
	(382,66,16,9075.00,'2019-01-19 19:44:03','2019-01-19 19:44:03'),
	(383,66,18,13951.93,'2019-01-19 19:44:03','2019-01-19 19:44:03'),
	(384,66,25,0.00,'2019-01-19 19:44:03','2019-01-19 19:44:03'),
	(385,66,6,2.37,'2019-01-19 19:44:03','2019-01-19 19:44:03'),
	(386,67,22,88.30,'2019-01-19 20:25:39','2019-01-19 20:25:39'),
	(387,67,6,0.00,'2019-01-19 20:25:39','2019-01-19 20:25:39'),
	(388,67,8,4116.54,'2019-01-19 20:25:39','2019-01-19 20:25:39'),
	(389,67,9,19623.25,'2019-01-19 20:25:39','2019-01-19 20:25:39'),
	(390,67,11,4195.03,'2019-01-19 20:25:39','2019-01-19 20:25:39'),
	(391,67,12,4491.05,'2019-01-19 20:25:39','2019-01-19 20:25:39'),
	(392,67,14,96014.10,'2019-01-19 20:25:39','2019-01-19 20:25:39'),
	(393,67,16,8056.26,'2019-01-19 20:25:39','2019-01-19 20:25:39'),
	(394,67,18,13951.93,'2019-01-19 20:25:39','2019-01-19 20:25:39'),
	(395,67,25,0.00,'2019-01-19 20:25:39','2019-01-19 20:25:39'),
	(396,68,22,2088.30,'2019-01-19 20:28:42','2019-01-19 20:28:42'),
	(397,68,6,8554.38,'2019-01-19 20:28:42','2019-01-19 20:28:42'),
	(398,68,8,4659.35,'2019-01-19 20:28:42','2019-01-19 20:28:42'),
	(399,68,9,19877.05,'2019-01-19 20:28:42','2019-01-19 20:28:42'),
	(400,68,11,4201.99,'2019-01-19 20:28:42','2019-01-19 20:28:42'),
	(401,68,12,4491.91,'2019-01-19 20:28:42','2019-01-19 20:28:42'),
	(402,68,14,96124.73,'2019-01-19 20:28:42','2019-01-19 20:28:42'),
	(403,68,16,8061.68,'2019-01-19 20:28:42','2019-01-19 20:28:42'),
	(404,68,18,13951.93,'2019-01-19 20:28:42','2019-01-19 20:28:42'),
	(405,68,25,0.00,'2019-01-19 20:28:42','2019-01-19 20:28:42'),
	(406,69,22,88.30,'2019-01-19 20:30:31','2019-01-19 20:30:31'),
	(407,69,6,1000.00,'2019-01-19 20:30:31','2019-01-19 20:30:31'),
	(408,69,8,972.53,'2019-01-19 20:30:31','2019-01-19 20:30:31'),
	(409,69,9,25940.87,'2019-01-19 20:30:31','2019-01-19 20:30:31'),
	(410,69,11,5411.25,'2019-01-19 20:30:31','2019-01-19 20:30:31'),
	(411,69,12,5616.22,'2019-01-19 20:30:31','2019-01-19 20:30:31'),
	(412,69,14,96843.49,'2019-01-19 20:30:31','2019-01-19 20:30:31'),
	(413,69,16,8073.80,'2019-01-19 20:30:31','2019-01-19 20:30:31'),
	(414,69,18,13951.93,'2019-01-19 20:30:31','2019-01-19 20:30:31'),
	(415,69,25,0.00,'2019-01-19 20:30:31','2019-01-19 20:30:31'),
	(416,70,22,91.30,'2019-01-19 20:31:58','2019-01-19 20:31:58'),
	(417,70,6,1000.00,'2019-01-19 20:31:58','2019-01-19 20:31:58'),
	(418,70,8,10724.23,'2019-01-19 20:31:58','2019-01-19 20:31:58'),
	(419,70,9,26360.70,'2019-01-19 20:31:58','2019-01-19 20:31:58'),
	(420,70,11,5416.82,'2019-01-19 20:31:58','2019-01-19 20:31:58'),
	(421,70,14,98868.54,'2019-01-19 20:31:58','2019-01-19 20:31:58'),
	(422,70,12,5736.04,'2019-01-19 20:31:58','2019-01-19 20:31:58'),
	(423,70,16,8089.25,'2019-01-19 20:31:58','2019-01-19 20:31:58'),
	(424,70,18,13951.93,'2019-01-19 20:31:58','2019-01-19 20:31:58'),
	(425,70,25,0.00,'2019-01-19 20:31:58','2019-01-19 20:31:58'),
	(426,71,22,52.30,'2019-01-19 20:33:19','2019-01-19 20:33:19'),
	(427,71,6,1000.00,'2019-01-19 20:33:19','2019-01-19 20:33:19'),
	(428,71,8,1453.89,'2019-01-19 20:33:19','2019-01-19 20:33:19'),
	(429,71,9,31388.07,'2019-01-19 20:33:19','2019-01-19 20:33:19'),
	(430,71,12,6723.98,'2019-01-19 20:33:19','2019-01-19 20:33:19'),
	(431,71,11,6675.72,'2019-01-19 20:33:19','2019-01-19 20:33:19'),
	(432,71,14,99286.08,'2019-01-19 20:33:19','2019-01-19 20:33:19'),
	(433,71,16,8097.26,'2019-01-19 20:33:19','2019-01-19 20:33:19'),
	(434,71,18,13951.93,'2019-01-19 20:33:19','2019-01-19 20:33:19'),
	(435,71,25,0.00,'2019-01-19 20:33:19','2019-01-19 20:33:19'),
	(436,72,22,52.30,'2019-01-19 22:00:22','2019-01-19 22:00:22'),
	(437,72,6,1000.00,'2019-01-19 22:00:22','2019-01-19 22:00:22'),
	(438,72,8,9937.66,'2019-01-19 22:00:22','2019-01-19 22:00:22'),
	(439,72,9,31254.48,'2019-01-19 22:00:22','2019-01-19 22:00:22'),
	(440,72,11,6693.57,'2019-01-19 22:00:22','2019-01-19 22:00:22'),
	(441,72,12,6896.45,'2019-01-19 22:00:22','2019-01-19 22:00:22'),
	(442,72,14,104376.19,'2019-01-19 22:00:22','2019-01-19 22:00:22'),
	(443,72,16,8114.60,'2019-01-19 22:00:22','2019-01-19 22:00:22'),
	(444,72,18,13951.93,'2019-01-19 22:00:22','2019-01-19 22:00:22'),
	(445,72,25,0.00,'2019-01-19 22:00:22','2019-01-19 22:00:22'),
	(446,73,22,52.30,'2019-01-19 22:05:39','2019-01-19 22:05:39'),
	(447,73,6,1000.00,'2019-01-19 22:05:39','2019-01-19 22:05:39'),
	(448,73,8,2072.88,'2019-01-19 22:05:39','2019-01-19 22:05:39'),
	(449,73,9,36493.94,'2019-01-19 22:05:39','2019-01-19 22:05:39'),
	(450,73,11,7922.96,'2019-01-19 22:05:39','2019-01-19 22:05:39'),
	(451,73,12,7985.90,'2019-01-19 22:05:39','2019-01-19 22:05:39'),
	(452,73,14,104539.89,'2019-01-19 22:05:39','2019-01-19 22:05:39'),
	(453,73,16,8123.11,'2019-01-19 22:05:39','2019-01-19 22:05:39'),
	(454,73,18,13951.93,'2019-01-19 22:05:39','2019-01-19 22:05:39'),
	(455,73,25,0.00,'2019-01-19 22:05:39','2019-01-19 22:05:39'),
	(456,74,22,82.00,'2019-01-19 22:07:11','2019-01-19 22:07:11'),
	(457,74,6,1000.00,'2019-01-19 22:07:11','2019-01-19 22:07:11'),
	(458,74,8,22960.68,'2019-01-19 22:07:11','2019-01-19 22:07:11'),
	(459,74,9,35542.37,'2019-01-19 22:07:11','2019-01-19 22:07:11'),
	(460,74,11,7876.73,'2019-01-19 22:07:11','2019-01-19 22:07:11'),
	(461,74,12,8020.83,'2019-01-19 22:07:11','2019-01-19 22:07:11'),
	(462,74,14,142938.46,'2019-01-19 22:07:11','2019-01-19 22:07:11'),
	(463,74,16,8138.41,'2019-01-19 22:07:11','2019-01-19 22:07:11'),
	(464,74,18,13951.93,'2019-01-19 22:07:11','2019-01-19 22:07:11'),
	(465,74,25,0.00,'2019-01-19 22:07:11','2019-01-19 22:07:11'),
	(466,75,22,52.00,'2019-01-19 22:09:16','2019-01-19 22:09:16'),
	(467,75,6,500.00,'2019-01-19 22:09:16','2019-01-19 22:09:16'),
	(468,75,8,11577.77,'2019-01-19 22:09:16','2019-01-19 22:09:16'),
	(469,75,9,43079.59,'2019-01-19 22:09:16','2019-01-19 22:09:16'),
	(470,75,11,9184.93,'2019-01-19 22:09:16','2019-01-19 22:09:16'),
	(471,75,12,8824.57,'2019-01-19 22:09:16','2019-01-19 22:09:16'),
	(472,75,14,143133.57,'2019-01-19 22:09:16','2019-01-19 22:09:16'),
	(473,75,16,8147.15,'2019-01-19 22:09:16','2019-01-19 22:09:16'),
	(474,75,18,12951.93,'2019-01-19 22:09:16','2019-01-19 22:09:16'),
	(475,75,25,0.00,'2019-01-19 22:09:16','2019-01-19 22:09:16'),
	(476,76,22,27.00,'2019-01-19 22:10:58','2019-01-19 22:10:58'),
	(477,76,6,500.00,'2019-01-19 22:10:58','2019-01-19 22:10:58'),
	(478,76,8,23589.23,'2019-01-19 22:10:58','2019-01-19 22:10:58'),
	(479,76,11,9132.00,'2019-01-19 22:10:58','2019-01-19 22:10:58'),
	(480,76,9,43215.70,'2019-01-19 22:10:58','2019-01-19 22:10:58'),
	(481,76,12,8980.45,'2019-01-19 22:10:58','2019-01-19 22:10:58'),
	(482,76,14,144154.66,'2019-01-19 22:10:58','2019-01-19 22:10:58'),
	(483,76,16,8168.16,'2019-01-19 22:10:58','2019-01-19 22:10:58'),
	(484,76,18,12951.93,'2019-01-19 22:10:58','2019-01-19 22:10:58'),
	(485,76,25,0.00,'2019-01-19 22:10:58','2019-01-19 22:10:58'),
	(486,77,22,27.00,'2019-01-19 22:13:07','2019-01-19 22:13:07'),
	(487,77,6,500.00,'2019-01-19 22:13:07','2019-01-19 22:13:07'),
	(488,77,8,11705.00,'2019-01-19 22:13:07','2019-01-19 22:13:07'),
	(489,77,9,51915.29,'2019-01-19 22:13:07','2019-01-19 22:13:07'),
	(490,77,11,10566.00,'2019-01-19 22:13:07','2019-01-19 22:13:07'),
	(491,77,12,9960.24,'2019-01-19 22:13:07','2019-01-19 22:13:07'),
	(492,77,14,144331.49,'2019-01-19 22:13:07','2019-01-19 22:13:07'),
	(493,77,16,8176.45,'2019-01-19 22:13:07','2019-01-19 22:13:07'),
	(494,77,18,12951.93,'2019-01-19 22:13:07','2019-01-19 22:13:07'),
	(495,77,25,0.00,'2019-01-19 22:13:07','2019-01-19 22:13:07'),
	(496,78,22,48.00,'2019-01-19 22:15:00','2019-01-19 22:15:00'),
	(497,78,6,12596.00,'2019-01-19 22:15:00','2019-01-19 22:15:00'),
	(498,78,8,11821.48,'2019-01-19 22:15:00','2019-01-19 22:15:00'),
	(499,78,9,52760.10,'2019-01-19 22:15:00','2019-01-19 22:15:00'),
	(500,78,11,10717.84,'2019-01-19 22:15:00','2019-01-19 22:15:00'),
	(501,78,12,9724.29,'2019-01-19 22:15:00','2019-01-19 22:15:00'),
	(502,78,16,8195.74,'2019-01-19 22:15:00','2019-01-19 22:15:00'),
	(503,78,14,145349.88,'2019-01-19 22:15:00','2019-01-19 22:15:00'),
	(504,78,18,12951.93,'2019-01-19 22:15:00','2019-01-19 22:15:00'),
	(505,78,25,0.00,'2019-01-19 22:15:00','2019-01-19 22:15:00'),
	(506,79,22,48.00,'2019-01-19 22:16:47','2019-01-19 22:16:47'),
	(507,79,6,58195.18,'2019-01-19 22:16:47','2019-01-19 22:16:47'),
	(508,79,8,11245.57,'2019-01-19 22:16:47','2019-01-19 22:16:47'),
	(509,79,9,52718.57,'2019-01-19 22:16:47','2019-01-19 22:16:47'),
	(510,79,11,10717.84,'2019-01-19 22:16:47','2019-01-19 22:16:47'),
	(511,79,12,9724.29,'2019-01-19 22:16:47','2019-01-19 22:16:47'),
	(512,79,14,145421.82,'2019-01-19 22:16:47','2019-01-19 22:16:47'),
	(513,79,16,3.61,'2019-01-19 22:16:47','2019-01-19 22:16:47'),
	(514,79,18,12951.93,'2019-01-19 22:16:47','2019-01-19 22:16:47'),
	(515,79,25,39380.00,'2019-01-19 22:16:47','2019-01-19 22:16:47'),
	(516,80,22,48.00,'2019-01-19 22:18:41','2019-01-19 22:18:41'),
	(517,80,6,50500.00,'2019-01-19 22:18:41','2019-01-19 22:18:41'),
	(518,80,8,0.00,'2019-01-19 22:18:41','2019-01-19 22:18:41'),
	(519,80,9,50481.12,'2019-01-19 22:18:41','2019-01-19 22:18:41'),
	(520,80,11,11830.70,'2019-01-19 22:18:41','2019-01-19 22:18:41'),
	(521,80,12,11050.26,'2019-01-19 22:18:41','2019-01-19 22:18:41'),
	(522,80,14,164017.76,'2019-01-19 22:18:41','2019-01-19 22:18:41'),
	(523,80,18,12951.93,'2019-01-19 22:18:41','2019-01-19 22:18:41'),
	(524,80,25,39380.00,'2019-01-19 22:18:41','2019-01-19 22:18:41'),
	(525,81,22,27.50,'2019-01-19 22:20:43','2019-01-19 22:20:43'),
	(526,81,6,50500.00,'2019-01-19 22:20:43','2019-01-19 22:20:43'),
	(527,81,8,16468.99,'2019-01-19 22:20:43','2019-01-19 22:20:43'),
	(528,81,9,50246.69,'2019-01-19 22:20:43','2019-01-19 22:20:43'),
	(529,81,11,11752.86,'2019-01-19 22:20:43','2019-01-19 22:20:43'),
	(530,81,14,159383.45,'2019-01-19 22:20:43','2019-01-19 22:20:43'),
	(531,81,12,11286.62,'2019-01-19 22:20:43','2019-01-19 22:20:43'),
	(532,81,18,12951.93,'2019-01-19 22:20:43','2019-01-19 22:20:43'),
	(533,81,25,39380.00,'2019-01-19 22:20:43','2019-01-19 22:20:43'),
	(534,82,22,27.50,'2019-01-19 22:22:34','2019-01-19 22:22:34'),
	(535,82,6,1000.00,'2019-01-19 22:22:34','2019-01-19 22:22:34'),
	(536,82,8,16913.93,'2019-01-19 22:22:34','2019-01-19 22:22:34'),
	(537,82,9,46056.63,'2019-01-19 22:22:34','2019-01-19 22:22:34'),
	(538,82,12,12415.39,'2019-01-19 22:22:34','2019-01-19 22:22:34'),
	(539,82,11,13013.75,'2019-01-19 22:22:34','2019-01-19 22:22:34'),
	(540,82,14,205159.12,'2019-01-19 22:22:34','2019-01-19 22:22:34'),
	(541,82,18,12951.92,'2019-01-19 22:22:34','2019-01-19 22:22:34'),
	(542,82,25,33356.00,'2019-01-19 22:22:34','2019-01-19 22:22:34'),
	(543,83,22,27.50,'2019-01-19 22:25:40','2019-01-19 22:25:40'),
	(544,83,6,1000.00,'2019-01-19 22:25:40','2019-01-19 22:25:40'),
	(545,83,8,19392.57,'2019-01-19 22:25:40','2019-01-19 22:25:40'),
	(546,83,9,47089.76,'2019-01-19 22:25:40','2019-01-19 22:25:40'),
	(547,83,11,12991.97,'2019-01-19 22:25:40','2019-01-19 22:25:40'),
	(548,83,12,12559.30,'2019-01-19 22:25:40','2019-01-19 22:25:40'),
	(549,83,14,217202.34,'2019-01-19 22:25:40','2019-01-19 22:25:40'),
	(550,83,18,11108.33,'2019-01-19 22:25:40','2019-01-19 22:25:40'),
	(551,83,25,33356.00,'2019-01-19 22:25:40','2019-01-19 22:25:40'),
	(552,84,22,27.50,'2019-01-19 22:30:25','2019-01-19 22:30:25'),
	(553,84,6,10.00,'2019-01-19 22:30:25','2019-01-19 22:30:25'),
	(554,84,8,2029.09,'2019-01-19 22:30:25','2019-01-19 22:30:25'),
	(555,84,9,49183.29,'2019-01-19 22:30:25','2019-01-19 22:30:25'),
	(556,84,11,14275.92,'2019-01-19 22:30:25','2019-01-19 22:30:25'),
	(557,84,12,13635.83,'2019-01-19 22:30:25','2019-01-19 22:30:25'),
	(558,84,14,224474.70,'2019-01-19 22:30:25','2019-01-19 22:30:25'),
	(559,84,25,75135.69,'2019-01-19 22:30:25','2019-01-19 22:30:25'),
	(560,84,18,8951.92,'2019-01-19 22:30:25','2019-01-19 22:30:25'),
	(561,84,17,50000.00,'2019-01-19 22:30:25','2019-01-19 22:30:25'),
	(562,84,15,4015.00,'2019-01-19 22:30:25','2019-01-19 22:30:25'),
	(563,85,22,2.50,'2019-01-19 22:31:55','2019-01-19 22:31:55'),
	(564,85,6,0.00,'2019-01-19 22:31:55','2019-01-19 22:31:55'),
	(565,85,8,42.94,'2019-01-19 22:31:55','2019-01-19 22:31:55'),
	(566,85,9,14287.87,'2019-01-19 22:31:55','2019-01-19 22:31:55'),
	(567,85,11,48181.63,'2019-01-19 22:31:55','2019-01-19 22:31:55'),
	(568,85,12,13472.79,'2019-01-19 22:31:55','2019-01-19 22:31:55'),
	(569,85,14,221156.11,'2019-01-19 22:31:55','2019-01-19 22:31:55'),
	(570,85,15,85200.00,'2019-01-19 22:31:55','2019-01-19 22:31:55'),
	(571,85,17,50000.00,'2019-01-19 22:31:55','2019-01-19 22:31:55'),
	(572,85,18,7951.92,'2019-01-19 22:31:55','2019-01-19 22:31:55'),
	(573,85,25,156207.00,'2019-01-19 22:31:55','2019-01-19 22:31:55'),
	(574,86,22,2.50,'2019-01-19 22:33:17','2019-01-19 22:33:17'),
	(575,86,6,0.00,'2019-01-19 22:33:17','2019-01-19 22:33:17'),
	(576,86,8,14418.61,'2019-01-19 22:33:17','2019-01-19 22:33:17'),
	(577,86,9,48844.65,'2019-01-19 22:33:17','2019-01-19 22:33:17'),
	(578,86,11,14299.83,'2019-01-19 22:33:17','2019-01-19 22:33:17'),
	(579,86,12,13514.77,'2019-01-19 22:33:17','2019-01-19 22:33:17'),
	(580,86,14,220733.07,'2019-01-19 22:33:17','2019-01-19 22:33:17'),
	(581,86,17,50000.00,'2019-01-19 22:33:17','2019-01-19 22:33:17'),
	(582,86,15,90200.00,'2019-01-19 22:33:17','2019-01-19 22:33:17'),
	(583,86,18,5951.92,'2019-01-19 22:33:17','2019-01-19 22:33:17'),
	(584,86,25,153709.29,'2019-01-19 22:33:17','2019-01-19 22:33:17'),
	(585,87,22,2.50,'2019-01-19 22:35:02','2019-01-19 22:35:02'),
	(586,87,6,0.00,'2019-01-19 22:35:02','2019-01-19 22:35:02'),
	(587,87,8,0.00,'2019-01-19 22:35:02','2019-01-19 22:35:02'),
	(588,87,9,52568.78,'2019-01-19 22:35:02','2019-01-19 22:35:02'),
	(589,87,11,15511.78,'2019-01-19 22:35:02','2019-01-19 22:35:02'),
	(590,87,12,14397.82,'2019-01-19 22:35:02','2019-01-19 22:35:02'),
	(591,87,15,96903.55,'2019-01-19 22:35:02','2019-01-19 22:35:02'),
	(592,87,14,221729.04,'2019-01-19 22:35:02','2019-01-19 22:35:02'),
	(593,87,17,50000.00,'2019-01-19 22:35:02','2019-01-19 22:35:02'),
	(594,87,18,4951.92,'2019-01-19 22:35:02','2019-01-19 22:35:02'),
	(595,87,25,155445.00,'2019-01-19 22:35:02','2019-01-19 22:35:02'),
	(596,88,22,0.50,'2019-01-19 22:36:30','2019-01-19 22:36:30'),
	(597,88,6,0.00,'2019-01-19 22:36:30','2019-01-19 22:36:30'),
	(598,88,8,13107.27,'2019-01-19 22:36:30','2019-01-19 22:36:30'),
	(599,88,9,51806.53,'2019-01-19 22:36:30','2019-01-19 22:36:30'),
	(600,88,11,15434.03,'2019-01-19 22:36:30','2019-01-19 22:36:30'),
	(601,88,12,14330.17,'2019-01-19 22:36:30','2019-01-19 22:36:30'),
	(602,88,14,221410.52,'2019-01-19 22:36:30','2019-01-19 22:36:30'),
	(603,88,15,96900.00,'2019-01-19 22:36:30','2019-01-19 22:36:30'),
	(604,88,17,50624.24,'2019-01-19 22:36:30','2019-01-19 22:36:30'),
	(605,88,18,4951.92,'2019-01-19 22:36:30','2019-01-19 22:36:30'),
	(606,88,25,153137.50,'2019-01-19 22:36:30','2019-01-19 22:36:30'),
	(607,89,22,0.50,'2019-01-19 22:38:18','2019-01-19 22:38:18'),
	(608,89,6,0.00,'2019-01-19 22:38:18','2019-01-19 22:38:18'),
	(609,89,8,0.00,'2019-01-19 22:38:18','2019-01-19 22:38:18'),
	(610,89,9,54830.84,'2019-01-19 22:38:18','2019-01-19 22:38:18'),
	(611,89,11,16726.90,'2019-01-19 22:38:18','2019-01-19 22:38:18'),
	(612,89,12,15545.15,'2019-01-19 22:38:18','2019-01-19 22:38:18'),
	(613,89,14,221819.99,'2019-01-19 22:38:18','2019-01-19 22:38:18'),
	(614,89,15,103000.00,'2019-01-19 22:38:18','2019-01-19 22:38:18'),
	(615,89,17,50789.86,'2019-01-19 22:38:18','2019-01-19 22:38:18'),
	(616,89,18,3951.92,'2019-01-19 22:38:18','2019-01-19 22:38:18'),
	(617,89,25,150340.48,'2019-01-19 22:38:18','2019-01-19 22:38:18'),
	(618,90,22,0.50,'2019-01-19 22:39:51','2019-01-19 22:39:51'),
	(619,90,6,0.00,'2019-01-19 22:39:51','2019-01-19 22:39:51'),
	(620,90,8,16922.98,'2019-01-19 22:39:51','2019-01-19 22:39:51'),
	(621,90,9,51807.37,'2019-01-19 22:39:51','2019-01-19 22:39:51'),
	(622,90,11,16642.85,'2019-01-19 22:39:51','2019-01-19 22:39:51'),
	(623,90,12,15556.45,'2019-01-19 22:39:51','2019-01-19 22:39:51'),
	(624,90,14,222554.74,'2019-01-19 22:39:51','2019-01-19 22:39:51'),
	(625,90,15,103000.00,'2019-01-19 22:39:51','2019-01-19 22:39:51'),
	(626,90,17,51006.43,'2019-01-19 22:39:51','2019-01-19 22:39:51'),
	(627,90,18,0.00,'2019-01-19 22:39:51','2019-01-19 22:39:51'),
	(628,90,25,150487.04,'2019-01-19 22:39:51','2019-01-19 22:39:51'),
	(629,91,22,0.50,'2019-01-19 22:43:12','2019-01-19 22:43:12'),
	(630,91,6,0.00,'2019-01-19 22:43:12','2019-01-19 22:43:12'),
	(631,91,8,0.00,'2019-01-19 22:43:12','2019-01-19 22:43:12'),
	(632,91,9,60294.05,'2019-01-19 22:43:12','2019-01-19 22:43:12'),
	(633,91,11,18050.83,'2019-01-19 22:43:12','2019-01-19 22:43:12'),
	(634,91,12,17003.13,'2019-01-19 22:43:12','2019-01-19 22:43:12'),
	(635,91,14,227576.80,'2019-01-19 22:43:12','2019-01-19 22:43:12'),
	(636,91,15,103000.00,'2019-01-19 22:43:12','2019-01-19 22:43:12'),
	(637,91,17,51159.31,'2019-01-19 22:43:12','2019-01-19 22:43:12'),
	(638,91,18,0.00,'2019-01-19 22:43:12','2019-01-19 22:43:12'),
	(639,91,25,150181.60,'2019-01-19 22:43:12','2019-01-19 22:43:12'),
	(640,92,22,0.50,'2019-01-19 22:44:42','2019-01-19 22:44:42'),
	(641,92,6,0.00,'2019-01-19 22:44:42','2019-01-19 22:44:42'),
	(642,92,8,15722.02,'2019-01-19 22:44:42','2019-01-19 22:44:42'),
	(643,92,9,58723.38,'2019-01-19 22:44:42','2019-01-19 22:44:42'),
	(644,92,11,18005.21,'2019-01-19 22:44:42','2019-01-19 22:44:42'),
	(645,92,12,17333.12,'2019-01-19 22:44:42','2019-01-19 22:44:42'),
	(646,92,14,224499.81,'2019-01-19 22:44:42','2019-01-19 22:44:42'),
	(647,92,15,103000.00,'2019-01-19 22:44:42','2019-01-19 22:44:42'),
	(648,92,17,51375.89,'2019-01-19 22:44:42','2019-01-19 22:44:42'),
	(649,92,18,0.00,'2019-01-19 22:44:42','2019-01-19 22:44:42'),
	(650,92,25,150299.60,'2019-01-19 22:44:42','2019-01-19 22:44:42'),
	(651,93,22,0.50,'2019-01-19 22:46:14','2019-01-19 22:46:14'),
	(652,93,6,0.00,'2019-01-19 22:46:14','2019-01-19 22:46:14'),
	(653,93,8,0.00,'2019-01-19 22:46:14','2019-01-19 22:46:14'),
	(654,93,9,67378.06,'2019-01-19 22:46:14','2019-01-19 22:46:14'),
	(655,93,11,19439.09,'2019-01-19 22:46:14','2019-01-19 22:46:14'),
	(656,93,12,18645.73,'2019-01-19 22:46:14','2019-01-19 22:46:14'),
	(657,93,14,230783.11,'2019-01-19 22:46:14','2019-01-19 22:46:14'),
	(658,93,15,103000.00,'2019-01-19 22:46:14','2019-01-19 22:46:14'),
	(659,93,17,51579.72,'2019-01-19 22:46:14','2019-01-19 22:46:14'),
	(660,93,18,0.00,'2019-01-19 22:46:14','2019-01-19 22:46:14'),
	(661,93,25,150177.65,'2019-01-19 22:46:14','2019-01-19 22:46:14'),
	(662,94,22,0.50,'2019-01-19 22:47:34','2019-01-19 22:47:34'),
	(663,94,6,0.00,'2019-01-19 22:47:34','2019-01-19 22:47:34'),
	(664,94,8,0.00,'2019-01-19 22:47:34','2019-01-19 22:47:34'),
	(665,94,9,66114.34,'2019-01-19 22:47:34','2019-01-19 22:47:34'),
	(666,94,11,19471.79,'2019-01-19 22:47:34','2019-01-19 22:47:34'),
	(667,94,15,103000.00,'2019-01-19 22:47:34','2019-01-19 22:47:34'),
	(668,94,12,18495.87,'2019-01-19 22:47:34','2019-01-19 22:47:34'),
	(669,94,14,531194.27,'2019-01-19 22:47:34','2019-01-19 22:47:34'),
	(670,94,17,51643.42,'2019-01-19 22:47:34','2019-01-19 22:47:34'),
	(671,94,18,0.00,'2019-01-19 22:47:34','2019-01-19 22:47:34'),
	(672,94,25,450330.25,'2019-01-19 22:47:34','2019-01-19 22:47:34'),
	(673,95,22,0.00,'2019-01-19 22:51:25','2019-01-19 22:51:25'),
	(674,95,6,0.00,'2019-01-19 22:51:25','2019-01-19 22:51:25'),
	(675,95,8,11907.58,'2019-01-19 22:51:25','2019-01-19 22:51:25'),
	(676,95,9,65794.61,'2019-01-19 22:51:25','2019-01-19 22:51:25'),
	(677,95,11,19488.14,'2019-01-19 22:51:25','2019-01-19 22:51:25'),
	(678,95,12,18352.06,'2019-01-19 22:51:25','2019-01-19 22:51:25'),
	(679,95,14,531739.51,'2019-01-19 22:51:25','2019-01-19 22:51:25'),
	(680,95,15,103000.00,'2019-01-19 22:51:25','2019-01-19 22:51:25'),
	(681,95,17,51809.04,'2019-01-19 22:51:25','2019-01-19 22:51:25'),
	(682,95,18,0.00,'2019-01-19 22:51:25','2019-01-19 22:51:25'),
	(683,95,25,450661.79,'2019-01-19 22:51:25','2019-01-19 22:51:25'),
	(684,96,22,0.00,'2019-01-19 22:54:07','2019-01-19 22:54:07'),
	(685,96,6,5766.42,'2019-01-19 22:54:07','2019-01-19 22:54:07'),
	(686,96,8,7505.70,'2019-01-19 22:54:07','2019-01-19 22:54:07'),
	(687,96,9,80775.48,'2019-01-19 22:54:07','2019-01-19 22:54:07'),
	(688,96,11,19537.19,'2019-01-19 22:54:07','2019-01-19 22:54:07'),
	(689,96,12,18083.92,'2019-01-19 22:54:07','2019-01-19 22:54:07'),
	(690,96,14,544574.86,'2019-01-19 22:54:07','2019-01-19 22:54:07'),
	(691,96,15,103000.00,'2019-01-19 22:54:07','2019-01-19 22:54:07'),
	(692,96,17,51961.91,'2019-01-19 22:54:07','2019-01-19 22:54:07'),
	(693,96,18,0.00,'2019-01-19 22:54:07','2019-01-19 22:54:07'),
	(694,96,25,450643.52,'2019-01-19 22:54:07','2019-01-19 22:54:07'),
	(695,97,22,200.00,'2019-01-19 22:57:00','2019-01-19 22:57:00'),
	(696,97,6,362.46,'2019-01-19 22:57:00','2019-01-19 22:57:00'),
	(697,97,8,7510.43,'2019-01-19 22:57:00','2019-01-19 22:57:00'),
	(698,97,9,81209.33,'2019-01-19 22:57:00','2019-01-19 22:57:00'),
	(699,97,11,19537.19,'2019-01-19 22:57:00','2019-01-19 22:57:00'),
	(700,97,12,18291.58,'2019-01-19 22:57:00','2019-01-19 22:57:00'),
	(701,97,14,545029.91,'2019-01-19 22:57:00','2019-01-19 22:57:00'),
	(702,97,15,103000.00,'2019-01-19 22:57:00','2019-01-19 22:57:00'),
	(703,97,17,52025.61,'2019-01-19 22:57:00','2019-01-19 22:57:00'),
	(704,97,18,0.00,'2019-01-19 22:57:00','2019-01-19 22:57:00'),
	(705,97,25,445673.58,'2019-01-19 22:57:00','2019-01-19 22:57:00'),
	(706,98,22,200.00,'2019-01-19 23:20:06','2019-01-19 23:20:06'),
	(707,98,6,0.00,'2019-01-19 23:20:06','2019-01-19 23:20:06'),
	(708,98,8,20354.79,'2019-01-19 23:20:06','2019-01-19 23:20:06'),
	(709,98,9,85078.15,'2019-01-19 23:20:06','2019-01-19 23:20:06'),
	(710,98,11,19586.23,'2019-01-19 23:20:06','2019-01-19 23:20:06'),
	(711,98,12,18231.77,'2019-01-19 23:20:06','2019-01-19 23:20:06'),
	(712,98,14,547230.21,'2019-01-19 23:20:06','2019-01-19 23:20:06'),
	(713,98,15,103000.00,'2019-01-19 23:20:06','2019-01-19 23:20:06'),
	(714,98,17,52153.01,'2019-01-19 23:20:06','2019-01-19 23:20:06'),
	(715,98,18,0.00,'2019-01-19 23:20:06','2019-01-19 23:20:06'),
	(716,98,25,448492.10,'2019-01-19 23:20:06','2019-01-19 23:20:06'),
	(717,99,22,200.00,'2019-01-19 23:21:33','2019-01-19 23:21:33'),
	(718,99,6,0.00,'2019-01-19 23:21:33','2019-01-19 23:21:33'),
	(719,99,8,7909.07,'2019-01-19 23:21:33','2019-01-19 23:21:33'),
	(720,99,9,91772.05,'2019-01-19 23:21:33','2019-01-19 23:21:33'),
	(721,99,11,19651.63,'2019-01-19 23:21:33','2019-01-19 23:21:33'),
	(722,99,14,550804.07,'2019-01-19 23:21:33','2019-01-19 23:21:33'),
	(723,99,12,18081.91,'2019-01-19 23:21:33','2019-01-19 23:21:33'),
	(724,99,15,103000.00,'2019-01-19 23:21:33','2019-01-19 23:21:33'),
	(725,99,17,52395.06,'2019-01-19 23:21:33','2019-01-19 23:21:33'),
	(726,99,18,1000.89,'2019-01-19 23:21:33','2019-01-19 23:21:33'),
	(727,99,25,443382.89,'2019-01-19 23:21:33','2019-01-19 23:21:33'),
	(728,100,22,200.00,'2019-01-19 23:22:56','2019-01-19 23:22:56'),
	(729,100,6,1000.00,'2019-01-19 23:22:56','2019-01-19 23:22:56'),
	(730,100,8,19965.59,'2019-01-19 23:22:56','2019-01-19 23:22:56'),
	(731,100,9,91281.88,'2019-01-19 23:22:56','2019-01-19 23:22:56'),
	(732,100,11,19700.68,'2019-01-19 23:22:56','2019-01-19 23:22:56'),
	(733,100,12,18060.40,'2019-01-19 23:22:56','2019-01-19 23:22:56'),
	(734,100,14,550095.98,'2019-01-19 23:22:56','2019-01-19 23:22:56'),
	(735,100,15,103000.00,'2019-01-19 23:22:56','2019-01-19 23:22:56'),
	(736,100,17,52535.20,'2019-01-19 23:22:56','2019-01-19 23:22:56'),
	(737,100,18,1002.31,'2019-01-19 23:22:56','2019-01-19 23:22:56'),
	(738,100,25,443702.75,'2019-01-19 23:22:56','2019-01-19 23:22:56'),
	(739,101,22,200.00,'2019-01-19 23:24:07','2019-01-19 23:24:07'),
	(740,101,6,0.00,'2019-01-19 23:24:07','2019-01-19 23:24:07'),
	(741,101,8,2618.51,'2019-01-19 23:24:07','2019-01-19 23:24:07'),
	(742,101,9,97975.35,'2019-01-19 23:24:07','2019-01-19 23:24:07'),
	(743,101,11,19798.77,'2019-01-19 23:24:07','2019-01-19 23:24:07'),
	(744,101,12,18295.61,'2019-01-19 23:24:07','2019-01-19 23:24:07'),
	(745,101,14,551929.31,'2019-01-19 23:24:07','2019-01-19 23:24:07'),
	(746,101,15,103000.00,'2019-01-19 23:24:07','2019-01-19 23:24:07'),
	(747,101,17,52777.26,'2019-01-19 23:24:07','2019-01-19 23:24:07'),
	(748,101,18,1004.70,'2019-01-19 23:24:07','2019-01-19 23:24:07'),
	(749,101,25,437335.82,'2019-01-19 23:24:07','2019-01-19 23:24:07'),
	(750,102,22,200.00,'2019-01-19 23:25:11','2019-01-19 23:25:11'),
	(751,102,6,0.00,'2019-01-19 23:25:11','2019-01-19 23:25:11'),
	(752,102,8,17657.78,'2019-01-19 23:25:11','2019-01-19 23:25:11'),
	(753,102,9,98526.02,'2019-01-19 23:25:11','2019-01-19 23:25:11'),
	(754,102,11,19831.47,'2019-01-19 23:25:11','2019-01-19 23:25:11'),
	(755,102,12,18078.55,'2019-01-19 23:25:11','2019-01-19 23:25:11'),
	(756,102,14,554097.00,'2019-01-19 23:25:11','2019-01-19 23:25:11'),
	(757,102,15,103000.00,'2019-01-19 23:25:11','2019-01-19 23:25:11'),
	(758,102,17,52904.65,'2019-01-19 23:25:11','2019-01-19 23:25:11'),
	(759,102,18,1005.85,'2019-01-19 23:25:11','2019-01-19 23:25:11'),
	(760,102,25,437412.22,'2019-01-19 23:25:11','2019-01-19 23:25:11'),
	(761,103,22,200.00,'2019-01-19 23:26:46','2019-01-19 23:26:46'),
	(762,103,6,211.21,'2019-01-19 23:26:46','2019-01-19 23:26:46'),
	(763,103,8,3083.15,'2019-01-19 23:26:46','2019-01-19 23:26:46'),
	(764,103,11,19798.77,'2019-01-19 23:26:46','2019-01-19 23:26:46'),
	(765,103,9,108324.52,'2019-01-19 23:26:46','2019-01-19 23:26:46'),
	(766,103,12,17814.45,'2019-01-19 23:26:46','2019-01-19 23:26:46'),
	(767,103,14,559574.44,'2019-01-19 23:26:46','2019-01-19 23:26:46'),
	(768,103,15,103000.00,'2019-01-19 23:26:46','2019-01-19 23:26:46'),
	(769,103,17,53235.89,'2019-01-19 23:26:46','2019-01-19 23:26:46'),
	(770,103,18,0.00,'2019-01-19 23:26:46','2019-01-19 23:26:46'),
	(771,103,25,434619.63,'2019-01-19 23:26:46','2019-01-19 23:26:46'),
	(772,104,22,430.00,'2019-01-19 23:28:02','2019-01-19 23:28:02'),
	(773,104,6,0.00,'2019-01-19 23:28:02','2019-01-19 23:28:02'),
	(774,104,8,18634.98,'2019-01-19 23:28:02','2019-01-19 23:28:02'),
	(775,104,9,104843.62,'2019-01-19 23:28:02','2019-01-19 23:28:02'),
	(776,104,11,19733.38,'2019-01-19 23:28:02','2019-01-19 23:28:02'),
	(777,104,12,17878.96,'2019-01-19 23:28:02','2019-01-19 23:28:02'),
	(778,104,14,556257.17,'2019-01-19 23:28:02','2019-01-19 23:28:02'),
	(779,104,15,103000.00,'2019-01-19 23:28:02','2019-01-19 23:28:02'),
	(780,104,17,53401.50,'2019-01-19 23:28:02','2019-01-19 23:28:02'),
	(781,104,18,0.00,'2019-01-19 23:28:02','2019-01-19 23:28:02'),
	(782,104,25,435479.60,'2019-01-19 23:28:02','2019-01-19 23:28:02'),
	(783,105,22,330.00,'2019-01-19 23:29:20','2019-01-19 23:29:20'),
	(784,105,6,0.00,'2019-01-19 23:29:20','2019-01-19 23:29:20'),
	(785,105,8,12703.54,'2019-01-19 23:29:20','2019-01-19 23:29:20'),
	(786,105,9,109258.33,'2019-01-19 23:29:20','2019-01-19 23:29:20'),
	(787,105,11,19782.42,'2019-01-19 23:29:20','2019-01-19 23:29:20'),
	(788,105,12,17955.57,'2019-01-19 23:29:20','2019-01-19 23:29:20'),
	(789,105,14,547735.47,'2019-01-19 23:29:20','2019-01-19 23:29:20'),
	(790,105,17,53567.12,'2019-01-19 23:29:20','2019-01-19 23:29:20'),
	(791,105,15,103000.00,'2019-01-19 23:29:20','2019-01-19 23:29:20'),
	(792,105,18,0.00,'2019-01-19 23:29:20','2019-01-19 23:29:20'),
	(793,105,25,430696.54,'2019-01-19 23:29:20','2019-01-19 23:29:20'),
	(794,106,22,334.00,'2019-01-19 23:31:34','2019-01-19 23:31:34'),
	(795,106,6,0.00,'2019-01-19 23:31:34','2019-01-19 23:31:34'),
	(796,106,8,16672.77,'2019-01-19 23:31:34','2019-01-19 23:31:34'),
	(797,106,9,116483.05,'2019-01-19 23:31:34','2019-01-19 23:31:34'),
	(798,106,11,19847.82,'2019-01-19 23:31:34','2019-01-19 23:31:34'),
	(799,106,12,17862.83,'2019-01-19 23:31:34','2019-01-19 23:31:34'),
	(800,106,14,545090.65,'2019-01-19 23:31:34','2019-01-19 23:31:34'),
	(801,106,15,103000.00,'2019-01-19 23:31:34','2019-01-19 23:31:34'),
	(802,106,17,53720.00,'2019-01-19 23:31:34','2019-01-19 23:31:34'),
	(803,106,18,0.00,'2019-01-19 23:31:34','2019-01-19 23:31:34'),
	(804,106,25,431410.75,'2019-01-19 23:31:34','2019-01-19 23:31:34'),
	(805,107,22,309.00,'2019-01-19 23:33:11','2019-01-19 23:33:11'),
	(806,107,6,0.00,'2019-01-19 23:33:11','2019-01-19 23:33:11'),
	(807,107,8,7555.70,'2019-01-19 23:33:11','2019-01-19 23:33:11'),
	(808,107,9,134750.75,'2019-01-19 23:33:11','2019-01-19 23:33:11'),
	(809,107,11,19913.22,'2019-01-19 23:33:11','2019-01-19 23:33:11'),
	(810,107,12,17782.86,'2019-01-19 23:33:11','2019-01-19 23:33:11'),
	(811,107,14,529747.30,'2019-01-19 23:33:11','2019-01-19 23:33:11'),
	(812,107,15,103000.00,'2019-01-19 23:33:11','2019-01-19 23:33:11'),
	(813,107,17,53962.05,'2019-01-19 23:33:11','2019-01-19 23:33:11'),
	(814,107,18,0.00,'2019-01-19 23:33:11','2019-01-19 23:33:11'),
	(815,107,25,424867.32,'2019-01-19 23:33:11','2019-01-19 23:33:11'),
	(816,108,22,309.00,'2019-01-19 23:34:21','2019-01-19 23:34:21'),
	(817,108,6,0.00,'2019-01-19 23:34:21','2019-01-19 23:34:21'),
	(818,108,8,26516.60,'2019-01-19 23:34:21','2019-01-19 23:34:21'),
	(819,108,9,135447.93,'2019-01-19 23:34:21','2019-01-19 23:34:21'),
	(820,108,11,20011.31,'2019-01-19 23:34:21','2019-01-19 23:34:21'),
	(821,108,12,17913.23,'2019-01-19 23:34:21','2019-01-19 23:34:21'),
	(822,108,14,521766.58,'2019-01-19 23:34:21','2019-01-19 23:34:21'),
	(823,108,15,103000.00,'2019-01-19 23:34:21','2019-01-19 23:34:21'),
	(824,108,17,54102.19,'2019-01-19 23:34:21','2019-01-19 23:34:21'),
	(825,108,18,0.00,'2019-01-19 23:34:21','2019-01-19 23:34:21'),
	(826,108,25,425569.56,'2019-01-19 23:34:21','2019-01-19 23:34:21'),
	(827,109,22,309.00,'2019-01-19 23:35:45','2019-01-19 23:35:45'),
	(828,109,6,0.00,'2019-01-19 23:35:45','2019-01-19 23:35:45'),
	(829,109,8,16757.05,'2019-01-19 23:35:45','2019-01-19 23:35:45'),
	(830,109,9,147711.18,'2019-01-19 23:35:45','2019-01-19 23:35:45'),
	(831,109,11,20076.71,'2019-01-19 23:35:45','2019-01-19 23:35:45'),
	(832,109,12,17637.03,'2019-01-19 23:35:45','2019-01-19 23:35:45'),
	(833,109,15,110800.00,'2019-01-19 23:35:45','2019-01-19 23:35:45'),
	(834,109,14,505191.64,'2019-01-19 23:35:45','2019-01-19 23:35:45'),
	(835,109,17,54395.20,'2019-01-19 23:35:45','2019-01-19 23:35:45'),
	(836,109,18,0.00,'2019-01-19 23:35:45','2019-01-19 23:35:45'),
	(837,109,25,421469.82,'2019-01-19 23:35:45','2019-01-19 23:35:45'),
	(838,110,22,530.10,'2019-01-19 23:37:07','2019-01-19 23:37:07'),
	(839,110,6,0.00,'2019-01-19 23:37:07','2019-01-19 23:37:07'),
	(840,110,8,29987.73,'2019-01-19 23:37:07','2019-01-19 23:37:07'),
	(841,110,9,148335.29,'2019-01-19 23:37:07','2019-01-19 23:37:07'),
	(842,110,11,20125.75,'2019-01-19 23:37:07','2019-01-19 23:37:07'),
	(843,110,12,17624.27,'2019-01-19 23:37:07','2019-01-19 23:37:07'),
	(844,110,14,503415.79,'2019-01-19 23:37:07','2019-01-19 23:37:07'),
	(845,110,15,110800.00,'2019-01-19 23:37:07','2019-01-19 23:37:07'),
	(846,110,17,54560.82,'2019-01-19 23:37:07','2019-01-19 23:37:07'),
	(847,110,18,0.00,'2019-01-19 23:37:07','2019-01-19 23:37:07'),
	(848,110,25,427540.27,'2019-01-19 23:37:07','2019-01-19 23:37:07'),
	(849,111,22,230.10,'2019-01-19 23:38:46','2019-01-19 23:38:46'),
	(850,111,6,10552.73,'2019-01-19 23:38:46','2019-01-19 23:38:46'),
	(851,111,8,25909.89,'2019-01-19 23:38:46','2019-01-19 23:38:46'),
	(852,111,9,163605.72,'2019-01-19 23:38:46','2019-01-19 23:38:46'),
	(853,111,11,20207.50,'2019-01-19 23:38:46','2019-01-19 23:38:46'),
	(854,111,14,486619.19,'2019-01-19 23:38:46','2019-01-19 23:38:46'),
	(855,111,12,17611.50,'2019-01-19 23:38:46','2019-01-19 23:38:46'),
	(856,111,15,112100.00,'2019-01-19 23:38:46','2019-01-19 23:38:46'),
	(857,111,17,54879.31,'2019-01-19 23:38:46','2019-01-19 23:38:46'),
	(858,111,18,0.00,'2019-01-19 23:38:46','2019-01-19 23:38:46'),
	(859,111,25,427144.95,'2019-01-19 23:38:46','2019-01-19 23:38:46'),
	(860,112,22,77.70,'2019-01-19 23:39:57','2019-01-19 23:39:57'),
	(861,112,6,0.00,'2019-01-19 23:39:57','2019-01-19 23:39:57'),
	(862,112,8,15923.57,'2019-01-19 23:39:57','2019-01-19 23:39:57'),
	(863,112,9,163449.06,'2019-01-19 23:39:57','2019-01-19 23:39:57'),
	(864,112,11,20338.29,'2019-01-19 23:39:57','2019-01-19 23:39:57'),
	(865,112,12,18430.01,'2019-01-19 23:39:57','2019-01-19 23:39:57'),
	(866,112,14,476491.27,'2019-01-19 23:39:57','2019-01-19 23:39:57'),
	(867,112,15,111000.00,'2019-01-19 23:39:57','2019-01-19 23:39:57'),
	(868,112,17,55197.80,'2019-01-19 23:39:57','2019-01-19 23:39:57'),
	(869,112,18,3020.02,'2019-01-19 23:39:57','2019-01-19 23:39:57'),
	(870,112,25,414965.97,'2019-01-19 23:39:57','2019-01-19 23:39:57'),
	(871,113,22,127.70,'2019-01-19 23:41:08','2019-01-19 23:41:08'),
	(872,113,6,0.00,'2019-01-19 23:41:08','2019-01-19 23:41:08'),
	(873,113,8,13611.78,'2019-01-19 23:41:08','2019-01-19 23:41:08'),
	(874,113,9,168257.42,'2019-01-19 23:41:08','2019-01-19 23:41:08'),
	(875,113,11,20436.39,'2019-01-19 23:41:08','2019-01-19 23:41:08'),
	(876,113,12,18223.70,'2019-01-19 23:41:08','2019-01-19 23:41:08'),
	(877,113,14,472410.30,'2019-01-19 23:41:08','2019-01-19 23:41:08'),
	(878,113,15,111000.00,'2019-01-19 23:41:08','2019-01-19 23:41:08'),
	(879,113,17,55427.12,'2019-01-19 23:41:08','2019-01-19 23:41:08'),
	(880,113,18,3020.02,'2019-01-19 23:41:08','2019-01-19 23:41:08'),
	(881,113,25,412819.11,'2019-01-19 23:41:08','2019-01-19 23:41:08'),
	(882,114,22,117.70,'2019-01-19 23:42:27','2019-01-19 23:42:27'),
	(883,114,6,0.00,'2019-01-19 23:42:27','2019-01-19 23:42:27'),
	(884,114,8,613.90,'2019-01-19 23:42:27','2019-01-19 23:42:27'),
	(885,114,9,181120.38,'2019-01-19 23:42:27','2019-01-19 23:42:27'),
	(886,114,11,20616.23,'2019-01-19 23:42:27','2019-01-19 23:42:27'),
	(887,114,12,18290.90,'2019-01-19 23:42:27','2019-01-19 23:42:27'),
	(888,114,14,77367.17,'2019-01-19 23:42:27','2019-01-19 23:42:27'),
	(889,114,15,111000.00,'2019-01-19 23:42:27','2019-01-19 23:42:27'),
	(890,114,17,55656.43,'2019-01-19 23:42:27','2019-01-19 23:42:27'),
	(891,114,18,3020.02,'2019-01-19 23:42:27','2019-01-19 23:42:27'),
	(892,114,23,6265.68,'2019-01-19 23:42:27','2019-01-19 23:42:27'),
	(893,115,22,53.10,'2019-01-19 23:44:20','2019-01-19 23:44:20'),
	(894,115,6,0.00,'2019-01-19 23:44:20','2019-01-19 23:44:20'),
	(895,115,8,8845.66,'2019-01-19 23:44:20','2019-01-19 23:44:20'),
	(896,115,9,182673.71,'2019-01-19 23:44:20','2019-01-19 23:44:20'),
	(897,115,11,20616.23,'2019-01-19 23:44:20','2019-01-19 23:44:20'),
	(898,115,12,18294.26,'2019-01-19 23:44:20','2019-01-19 23:44:20'),
	(899,115,14,77372.42,'2019-01-19 23:44:20','2019-01-19 23:44:20'),
	(900,115,15,111000.00,'2019-01-19 23:44:20','2019-01-19 23:44:20'),
	(901,115,17,55681.91,'2019-01-19 23:44:20','2019-01-19 23:44:20'),
	(902,115,18,3022.66,'2019-01-19 23:44:20','2019-01-19 23:44:20'),
	(903,115,23,3914.77,'2019-01-19 23:44:20','2019-01-19 23:44:20'),
	(904,116,22,58.10,'2019-01-19 23:45:37','2019-01-19 23:45:37'),
	(905,116,6,0.00,'2019-01-19 23:45:37','2019-01-19 23:45:37'),
	(906,116,8,3359.59,'2019-01-19 23:45:37','2019-01-19 23:45:37'),
	(907,116,9,185513.49,'2019-01-19 23:45:37','2019-01-19 23:45:37'),
	(908,116,11,20681.62,'2019-01-19 23:45:37','2019-01-19 23:45:37'),
	(909,116,12,18550.30,'2019-01-19 23:45:37','2019-01-19 23:45:37'),
	(910,116,14,77802.63,'2019-01-19 23:45:37','2019-01-19 23:45:37'),
	(911,116,15,111000.00,'2019-01-19 23:45:37','2019-01-19 23:45:37'),
	(912,116,17,55898.49,'2019-01-19 23:45:37','2019-01-19 23:45:37'),
	(913,116,18,0.00,'2019-01-19 23:45:37','2019-01-19 23:45:37'),
	(914,116,23,3943.31,'2019-01-19 23:45:37','2019-01-19 23:45:37'),
	(915,117,22,57.10,'2019-01-19 23:46:53','2019-01-19 23:46:53'),
	(916,117,6,1000.00,'2019-01-19 23:46:53','2019-01-19 23:46:53'),
	(917,117,8,13526.98,'2019-01-19 23:46:53','2019-01-19 23:46:53'),
	(918,117,11,20779.72,'2019-01-19 23:46:53','2019-01-19 23:46:53'),
	(919,117,9,179940.99,'2019-01-19 23:46:53','2019-01-19 23:46:53'),
	(920,117,12,18944.77,'2019-01-19 23:46:53','2019-01-19 23:46:53'),
	(921,117,14,77946.00,'2019-01-19 23:46:53','2019-01-19 23:46:53'),
	(922,117,15,111000.00,'2019-01-19 23:46:53','2019-01-19 23:46:53'),
	(923,117,17,56038.63,'2019-01-19 23:46:53','2019-01-19 23:46:53'),
	(924,117,18,0.00,'2019-01-19 23:46:53','2019-01-19 23:46:53'),
	(925,117,23,4098.31,'2019-01-19 23:46:53','2019-01-19 23:46:53'),
	(926,118,22,57.10,'2019-01-19 23:48:14','2019-01-19 23:48:14'),
	(927,118,6,0.00,'2019-01-19 23:48:14','2019-01-19 23:48:14'),
	(928,118,8,959.62,'2019-01-19 23:48:14','2019-01-19 23:48:14'),
	(929,118,9,193580.44,'2019-01-19 23:48:14','2019-01-19 23:48:14'),
	(930,118,11,20894.16,'2019-01-19 23:48:14','2019-01-19 23:48:14'),
	(931,118,12,18892.36,'2019-01-19 23:48:14','2019-01-19 23:48:14'),
	(932,118,14,89466.10,'2019-01-19 23:48:14','2019-01-19 23:48:14'),
	(933,118,15,111000.00,'2019-01-19 23:48:14','2019-01-19 23:48:14'),
	(934,118,17,56166.02,'2019-01-19 23:48:14','2019-01-19 23:48:14'),
	(935,118,18,0.00,'2019-01-19 23:48:14','2019-01-19 23:48:14'),
	(936,118,23,893.35,'2019-01-19 23:48:14','2019-01-19 23:48:14'),
	(937,119,19,116815.00,'2019-01-22 22:18:06','2019-01-22 22:18:06'),
	(938,120,20,20892.00,'2019-01-22 22:19:26','2019-01-22 22:19:26'),
	(939,121,20,20892.00,'2019-01-22 22:19:52','2019-01-22 22:19:52'),
	(940,122,19,116815.00,'2019-01-22 22:29:27','2019-01-22 22:29:27'),
	(941,122,20,20892.00,'2019-01-22 22:29:27','2019-01-22 22:29:27'),
	(943,122,9,32880.00,'2019-01-22 22:29:27','2019-01-22 22:29:27'),
	(944,122,8,72043.00,'2019-01-22 22:29:27','2019-01-22 22:29:27');

/*!40000 ALTER TABLE `wealthRecordItems` ENABLE KEYS */;
UNLOCK TABLES;


# Dump of table wealthRecords
# ------------------------------------------------------------

DROP TABLE IF EXISTS `wealthRecords`;

CREATE TABLE `wealthRecords` (
  `id` int(11) NOT NULL AUTO_INCREMENT,
  `user_id` int(11) NOT NULL,
  `date` datetime NOT NULL,
  `created_at` datetime DEFAULT NULL,
  `updated_at` datetime DEFAULT NULL,
  PRIMARY KEY (`id`),
  KEY `idx_userId` (`user_id`)
) ENGINE=InnoDB AUTO_INCREMENT=123 DEFAULT CHARSET=utf8;

LOCK TABLES `wealthRecords` WRITE;
/*!40000 ALTER TABLE `wealthRecords` DISABLE KEYS */;

INSERT INTO `wealthRecords` (`id`, `user_id`, `date`, `created_at`, `updated_at`)
VALUES
	(13,1,'2014-12-07 08:00:00','2019-01-17 23:25:41','2019-01-17 23:25:41'),
	(14,1,'2014-12-29 08:00:00','2019-01-17 23:28:34','2019-01-17 23:28:34'),
	(15,1,'2015-01-19 08:00:00','2019-01-18 10:17:40','2019-01-18 10:17:40'),
	(16,1,'2015-02-01 08:00:00','2019-01-18 20:27:06','2019-01-18 20:27:06'),
	(17,1,'2015-02-07 08:00:00','2019-01-18 20:44:11','2019-01-18 20:44:11'),
	(18,1,'2015-02-12 08:00:00','2019-01-18 20:48:25','2019-01-18 20:48:25'),
	(19,1,'2015-02-16 08:00:00','2019-01-18 20:51:20','2019-01-18 20:51:20'),
	(20,1,'2015-02-21 08:00:00','2019-01-18 20:53:53','2019-01-18 20:53:53'),
	(21,1,'2015-03-04 08:00:00','2019-01-18 20:55:51','2019-01-18 20:55:51'),
	(22,1,'2015-03-11 08:00:00','2019-01-18 21:10:26','2019-01-18 21:10:26'),
	(23,1,'2015-04-10 08:00:00','2019-01-18 21:13:34','2019-01-18 21:13:34'),
	(24,1,'2015-05-02 08:00:00','2019-01-18 21:18:13','2019-01-18 21:18:13'),
	(25,1,'2015-05-18 08:00:00','2019-01-18 21:20:07','2019-01-18 21:20:07'),
	(26,1,'2015-06-10 08:00:00','2019-01-18 21:22:13','2019-01-18 21:22:13'),
	(27,1,'2015-06-21 08:00:00','2019-01-18 21:26:22','2019-01-18 21:26:22'),
	(28,1,'2015-07-03 08:00:00','2019-01-18 21:29:16','2019-01-18 21:29:16'),
	(29,1,'2015-07-14 08:00:00','2019-01-18 21:31:10','2019-01-18 21:31:10'),
	(30,1,'2015-07-20 08:00:00','2019-01-18 21:33:50','2019-01-18 21:33:50'),
	(31,1,'2015-08-05 08:00:00','2019-01-19 11:08:08','2019-01-19 11:08:08'),
	(32,1,'2015-08-13 08:00:00','2019-01-19 11:10:35','2019-01-19 11:10:35'),
	(33,1,'2015-09-14 08:00:00','2019-01-19 11:12:45','2019-01-19 11:12:45'),
	(34,1,'2015-09-26 08:00:00','2019-01-19 11:20:45','2019-01-19 11:20:45'),
	(35,1,'2015-10-16 08:00:00','2019-01-19 12:41:23','2019-01-19 12:41:23'),
	(36,1,'2015-11-05 08:00:00','2019-01-19 12:42:55','2019-01-19 12:42:55'),
	(37,1,'2015-11-17 08:00:00','2019-01-19 16:34:33','2019-01-19 16:34:33'),
	(38,1,'2015-12-08 08:00:00','2019-01-19 16:38:05','2019-01-19 16:38:05'),
	(39,1,'2015-12-18 08:00:00','2019-01-19 16:39:38','2019-01-19 16:39:38'),
	(40,1,'2016-01-07 08:00:00','2019-01-19 16:40:59','2019-01-19 16:40:59'),
	(41,1,'2016-01-21 08:00:00','2019-01-19 16:42:57','2019-01-19 16:42:57'),
	(42,1,'2016-01-27 08:00:00','2019-01-19 16:45:11','2019-01-19 16:45:11'),
	(43,1,'2016-02-15 08:00:00','2019-01-19 16:47:59','2019-01-19 16:47:59'),
	(44,1,'2016-03-10 08:00:00','2019-01-19 16:50:26','2019-01-19 16:50:26'),
	(45,1,'2016-03-22 08:00:00','2019-01-19 16:53:05','2019-01-19 16:53:05'),
	(46,1,'2016-04-01 08:00:00','2019-01-19 16:55:48','2019-01-19 16:55:48'),
	(47,1,'2016-04-13 08:00:00','2019-01-19 16:58:16','2019-01-19 16:58:16'),
	(48,1,'2016-05-01 08:00:00','2019-01-19 17:00:57','2019-01-19 17:00:57'),
	(49,1,'2016-05-12 08:00:00','2019-01-19 17:03:23','2019-01-19 17:03:23'),
	(50,1,'2016-05-31 08:00:00','2019-01-19 17:16:18','2019-01-19 17:16:18'),
	(51,1,'2016-06-14 08:00:00','2019-01-19 17:18:56','2019-01-19 17:18:56'),
	(52,1,'2016-06-30 08:00:00','2019-01-19 18:18:25','2019-01-19 18:18:25'),
	(53,1,'2016-07-21 08:00:00','2019-01-19 18:21:14','2019-01-19 18:21:14'),
	(54,1,'2016-07-29 08:00:00','2019-01-19 18:23:36','2019-01-19 18:23:36'),
	(55,1,'2016-08-19 08:00:00','2019-01-19 18:25:10','2019-01-19 18:25:10'),
	(56,1,'2016-08-31 08:00:00','2019-01-19 18:26:36','2019-01-19 18:26:36'),
	(57,1,'2016-09-12 08:00:00','2019-01-19 18:38:38','2019-01-19 18:38:38'),
	(58,1,'2016-09-30 08:00:00','2019-01-19 18:40:01','2019-01-19 18:40:01'),
	(59,1,'2016-10-12 08:00:00','2019-01-19 18:41:30','2019-01-19 18:41:30'),
	(60,1,'2016-10-31 08:00:00','2019-01-19 18:42:51','2019-01-19 18:42:51'),
	(61,1,'2016-11-12 08:00:00','2019-01-19 18:44:40','2019-01-19 18:44:40'),
	(62,1,'2016-12-01 08:00:00','2019-01-19 18:46:21','2019-01-19 18:46:21'),
	(63,1,'2016-12-12 08:00:00','2019-01-19 18:50:02','2019-01-19 18:50:02'),
	(65,1,'2016-12-30 08:00:00','2019-01-19 19:05:50','2019-01-19 19:05:50'),
	(66,1,'2017-01-09 08:00:00','2019-01-19 19:44:02','2019-01-19 19:44:02'),
	(67,1,'2017-01-20 08:00:00','2019-01-19 20:25:39','2019-01-19 20:25:39'),
	(68,1,'2017-01-26 08:00:00','2019-01-19 20:28:42','2019-01-19 20:28:42'),
	(69,1,'2017-02-09 08:00:00','2019-01-19 20:30:31','2019-01-19 20:30:31'),
	(70,1,'2017-02-28 08:00:00','2019-01-19 20:31:58','2019-01-19 20:31:58'),
	(71,1,'2017-03-12 08:00:00','2019-01-19 20:33:18','2019-01-19 20:33:18'),
	(72,1,'2017-03-31 08:00:00','2019-01-19 22:00:22','2019-01-19 22:00:22'),
	(73,1,'2017-04-10 08:00:00','2019-01-19 22:05:39','2019-01-19 22:05:39'),
	(74,1,'2017-04-28 08:00:00','2019-01-19 22:07:11','2019-01-19 22:07:11'),
	(75,1,'2017-05-08 08:00:00','2019-01-19 22:09:16','2019-01-19 22:09:16'),
	(76,1,'2017-05-31 08:00:00','2019-01-19 22:10:58','2019-01-19 22:10:58'),
	(77,1,'2017-06-09 08:00:00','2019-01-19 22:13:07','2019-01-19 22:13:07'),
	(78,1,'2017-06-30 08:00:00','2019-01-19 22:15:00','2019-01-19 22:15:00'),
	(79,1,'2017-07-03 08:00:00','2019-01-19 22:16:47','2019-01-19 22:16:47'),
	(80,1,'2017-07-08 08:00:00','2019-01-19 22:18:41','2019-01-19 22:18:41'),
	(81,1,'2017-07-31 08:00:00','2019-01-19 22:20:43','2019-01-19 22:20:43'),
	(82,1,'2017-08-16 08:00:00','2019-01-19 22:22:34','2019-01-19 22:22:34'),
	(83,1,'2017-08-31 08:00:00','2019-01-19 22:25:40','2019-01-19 22:25:40'),
	(84,1,'2017-09-13 08:00:00','2019-01-19 22:30:25','2019-01-19 22:30:25'),
	(85,1,'2017-09-25 08:00:00','2019-01-19 22:31:55','2019-01-19 22:31:55'),
	(86,1,'2017-09-30 08:00:00','2019-01-19 22:33:17','2019-01-19 22:33:17'),
	(87,1,'2017-10-12 08:00:00','2019-01-19 22:35:02','2019-01-19 22:35:02'),
	(88,1,'2017-10-31 08:00:00','2019-01-19 22:36:30','2019-01-19 22:36:30'),
	(89,1,'2017-11-13 08:00:00','2019-01-19 22:38:18','2019-01-19 22:38:18'),
	(90,1,'2017-11-30 08:00:00','2019-01-19 22:39:51','2019-01-19 22:39:51'),
	(91,1,'2017-12-12 08:00:00','2019-01-19 22:43:12','2019-01-19 22:43:12'),
	(92,1,'2017-12-29 08:00:00','2019-01-19 22:44:42','2019-01-19 22:44:42'),
	(93,1,'2018-01-14 08:00:00','2019-01-19 22:46:13','2019-01-19 22:46:13'),
	(94,1,'2018-01-19 08:00:00','2019-01-19 22:47:34','2019-01-19 22:47:34'),
	(95,1,'2018-02-01 08:00:00','2019-01-19 22:51:25','2019-01-19 22:51:25'),
	(96,1,'2018-02-13 08:00:00','2019-01-19 22:54:07','2019-01-19 22:54:07'),
	(97,1,'2018-02-18 08:00:00','2019-01-19 22:57:00','2019-01-19 22:57:00'),
	(98,1,'2018-02-28 08:00:00','2019-01-19 23:20:06','2019-01-19 23:20:06'),
	(99,1,'2018-03-19 08:00:00','2019-01-19 23:21:33','2019-01-19 23:21:33'),
	(100,1,'2018-03-30 08:00:00','2019-01-19 23:22:56','2019-01-19 23:22:56'),
	(101,1,'2018-04-18 08:00:00','2019-01-19 23:24:07','2019-01-19 23:24:07'),
	(102,1,'2018-04-28 08:00:00','2019-01-19 23:25:11','2019-01-19 23:25:11'),
	(103,1,'2018-05-24 08:00:00','2019-01-19 23:26:46','2019-01-19 23:26:46'),
	(104,1,'2018-06-06 08:00:00','2019-01-19 23:28:02','2019-01-19 23:28:02'),
	(105,1,'2018-06-19 08:00:00','2019-01-19 23:29:20','2019-01-19 23:29:20'),
	(106,1,'2018-06-30 08:00:00','2019-01-19 23:31:34','2019-01-19 23:31:34'),
	(107,1,'2018-07-20 08:00:00','2019-01-19 23:33:11','2019-01-19 23:33:11'),
	(108,1,'2018-07-31 08:00:00','2019-01-19 23:34:21','2019-01-19 23:34:21'),
	(109,1,'2018-08-23 08:00:00','2019-01-19 23:35:45','2019-01-19 23:35:45'),
	(110,1,'2018-09-05 08:00:00','2019-01-19 23:37:07','2019-01-19 23:37:07'),
	(111,1,'2018-09-30 08:00:00','2019-01-19 23:38:46','2019-01-19 23:38:46'),
	(112,1,'2018-10-25 08:00:00','2019-01-19 23:39:57','2019-01-19 23:39:57'),
	(113,1,'2018-11-12 08:00:00','2019-01-19 23:41:08','2019-01-19 23:41:08'),
	(114,1,'2018-11-29 08:00:00','2019-01-19 23:42:27','2019-01-19 23:42:27'),
	(115,1,'2018-12-02 08:00:00','2019-01-19 23:44:20','2019-01-19 23:44:20'),
	(116,1,'2018-12-19 08:00:00','2019-01-19 23:45:37','2019-01-19 23:45:37'),
	(117,1,'2018-12-30 08:00:00','2019-01-19 23:46:52','2019-01-19 23:46:52'),
	(118,1,'2019-01-09 08:00:00','2019-01-19 23:48:14','2019-01-19 23:48:14'),
	(122,3,'2019-01-22 08:00:00','2019-01-22 22:29:27','2019-01-22 22:29:27');

/*!40000 ALTER TABLE `wealthRecords` ENABLE KEYS */;
UNLOCK TABLES;



/*!40111 SET SQL_NOTES=@OLD_SQL_NOTES */;
/*!40101 SET SQL_MODE=@OLD_SQL_MODE */;
/*!40014 SET FOREIGN_KEY_CHECKS=@OLD_FOREIGN_KEY_CHECKS */;
/*!40101 SET CHARACTER_SET_CLIENT=@OLD_CHARACTER_SET_CLIENT */;
/*!40101 SET CHARACTER_SET_RESULTS=@OLD_CHARACTER_SET_RESULTS */;
/*!40101 SET COLLATION_CONNECTION=@OLD_COLLATION_CONNECTION */;
